spaceFormID,spaceEditorID,spaceDisplayName,isWorldspace
0000003C,DefaultWorld,,1
00000F93,DiamondCityFX,Diamond City,1
00000F94,DiamondCity,Diamond City,1
00001206,TestConnorExt,TestConnor_Ext,1
00001559,TestVertibirdWorld,,1
000027AC,TestGabe,TestGabe,1
00002ED3,DebugAlexBurback,TestCoryWorld,1
000040E3,TestStaticCollectionWarehouse,Kit Static Collections,1
00004B16,DevCoryWorld,TestCoryWorld,1
00005842,TestRafael,Test Rafael,1
00006AE0,Test76Worldspace,,1
00006B8F,TestSal,Ryan Salvatore's Test Cell,1
00007848,TestGabeLandscape,TestGabeLandscape,1
00008000,TestSLABs,Test POIs,1
00008C9C,TestRobertPOIwarehouse,,1
00008E13,TestAndrewWorld,Mill,1
0000A94E,TestPBRWorld,,1
0000CE7A,TestTheHillsHaveEyes,,1
0000D1F7,TestSCOL,,1
0000D6AF,TestMikeWorld,TestMikeWorld,1
0000DC58,TestWorkshop,,1
0000DC6C,TESTNewTerrain,Terrain Generation Tests,1
0000DC6D,TestLandscape,Test Landscape,1
0000DEB8,TestJayWorld,Jay's test world,1
0000F37B,TestRE,TestRafael2,1
0000F7F6,TestAudioWorld,,1
0000FBA6,TestHkDestructionWorld,,1
0000FD14,TestEncSpawnWorld,Test Encounter Spawn World,1
0000FFF0,TestSimplygon,,1
0000FFF1,TestSimplygonStaticCollections,,1
000115EE,TestSimplygonWithSCHouses,,1
00011A5C,TestRobertWorld,,1
00011B84,TestRafael2,test rafael 2,1
00012219,TestSimplygonStaticWithPoxyHouses,,1
000125A2,TestPhysicsWorld,Test Physics World,1
00017DBB,TestSteveCWorld,,1
00029257,TestBales,Test Bales,1
0004DED6,TestMuckWorld,Test Muck World,1
0004E0EC,TestQuickplayWorld,,1
00054BD5,Goodneighbor,Goodneighbor,1
00061705,TestDrewWorld,,1
0008602D,DebugPurkey,,1
00093E04,TestJarrodWorld,TestJarrodWorld,1
00093E05,TestJarrod2,TestJarrod2,1
0009895B,TestChrisExt,TestChris_Ext,1
0009A264,TestJHollar1,TestJHollar,1
0010D87D,TestOutsource,Test Outsource,1
0012D5EE,TestEffectsWorld,,1
0013B813,TestNavmesh,,1
00173A2B,DebugFlight,Debug Flight World,1
001E0D39,TestMadWorld,TastMadWorld,1
0043D900,DebugRussellWorld,DebugRussellWorld,1
00004CF4,zCUTUnusedVault12003COPY0000,Stellwagen Gorge,0
0000F80C,,,0
00018704,,,0
001228D4,PackInPACKMtnTopPines01StorageCell,,0
00122FDC,PackInPACKCranBogLogGroup02StorageCell,,0
001652D8,COPY0082,,0
001A45C8,COPY0241,,0
001DFB00,,,0
001E6D74,,,0
001F8A9C,,,0
002112CC,,,0
002141AC,,,0
0022E340,,,0
00275C2C,,,0
002EE3E8,,,0
00366CD0,,,0
004DE248,,,0
0051AD60,PackInMSiloOperationsConsoleSingleTall21StorageCell,,0
005544E8,PackInLGTv96sublightterminalWarmStorageCell,,0
00582154,PackInCOMPPackinCampObjectBeggarStorageCell,,0
005CAAA8,zCUTDebugSheltersVaultTestMat01,Quick Test Cell,0
0060A0B8,DebugJeffU01,Quick Test Cell,0
006781A8,DebugRyanJohnson,Quick Test Cell,0
00002E22,zCUTVault65,Vault 65,0
00008CAA,,,0
00180A56,COPY0108,,0
00181BEA,,,0
0018AE66,PackInBarredDoorSinglePackIn01StorageCell,,0
0018FC22,PackInPOISubstationPrefab01StorageCell,,0
001A45D2,COPY0236,,0
001F8AA6,,,0
002112D6,,,0
0021CA6E,,,0
00275E8E,,,0
003488DE,,,0
0035345A,,,0
003C5EBA,,,0
004DE252,,,0
0051AD6A,PackInMSiloOperationsConsoleSingleTall11StorageCell,,0
005A5AE6,DebugJustinN02,Quick Test Cell,0
005B716A,PackInSheltersEntranceWaterfallCaveLargeStorageCell,,0
005D87CA,,,0
0066923E,,,0
000182CC,76HoldingCellPowerSystem,Quick Test Cell,0
000648AC,,,0
0007330C,COPY0265,,0
0008AFE8,PackInWEMainSandboxStorageCell,,0
00160B70,COPY0079,,0
00162790,COPY0080,,0
00168618,COPY0083,,0
0017E864,,,0
001A45DC,COPY0231,,0
001B0B20,COPY0307,,0
001F8AB0,PackInGenericExteriorClutter01StorageCell,,0
002112E0,,,0
00211D6C,,,0
004333FC,PackInScorchedStatuePackin04StorageCell,,0
0051AD74,PackInMSiloOperationsConsoleSingleTall01StorageCell,,0
005286A4,PackInLGTMSASpotS01KwarmpackinStorageCell,,0
005633A8,zCUTW05DialogueTestInstanced,Quick Test Cell,0
005A5960,,,0
0000208A,DebugLiam,Quick Test Cell,0
000028BE,,,0
000141FE,,,0
0001A91E,,,0
000242A2,zCUTMoleManCity01,Quick Test Cell,0
00090132,PackInPOITrainStationPrefabBluePlatform01StorageCell,,0
0009BABE,,,0
001B0B2A,COPY0302,,0
001F6BDE,,,0
00275BE6,,,0
004E35FE,,,0
00536D26,PackInATXworkshopCollectorScavengepackinSilverStorageCell,,0
0055A6AE,PackInTestQuickCamp03StorageCell,,0
00586D3A,PackInDenizenPackInSettlerIntimidatorStorageCell,,0
005C53AA,PackInATXCollectronpackinBoSStorageCell,,0
005DB52E,PackInSheltersEntranceVaultStorageRoomQuestRewardSmallStorageCell,,0
00645352,PackInF1SurvivalTentAPCRustStorageCell,,0
00006F18,PackInPACKMtnTopCreosoteShrubMedium01StorageCellDUPLICATE000,,0
00013DBC,PackInForestPackTree02aStorageCell,,0
0001B47C,PackInPACKSwampRockCLuster01StorageCell,,0
0007D280,PackInLvlBloodbugAggro650WallPackInStorageCell,,0
000974DC,,,0
00237580,,,0
0027CA18,zCUTTestMeganMTX01,Quick Test Cell,0
00329EC0,PackInworkshopVertibirdLandingPadpackinStorageCell,,0
0039C59C,,,0
003A1B28,,,0
003BA358,,,0
003C5AF0,,,0
003DCD40,,,0
003E58B4,,,0
0042FDC4,PackInPACKMtnTopPines04DistantStorageCell,,0
004E9F80,,,0
005262C8,,,0
00586D44,PackInDenizenPackInScavengerLooterStorageCell,,0
005A0384,zCUTTestOrionWatogaCivicCenter,Quick Test Cell,0
005FF9B0,,,0
0061DAF0,DebugMattTDUPLICATE000,Quick Test Cell,0
006DF04C,PackInMOONHerdWorkshopItemPaddockGatePKINStorageCell,,0
00017A52,COPY0255,,0
0005712A,PackInLvlRadRoachAmbushFloorStorageCell,,0
0009BD2A,zCUTDebugRange,DebugRange,0
0011CFF6,,,0
00175B7E,COPY0104,,0
001CC3DE,WarehouseTestAmbushes,Actor Ambush Testing,0
001D4782,PackInPACKMtnRemShrubGroupSm02DarkStorageCell,,0
00275BFA,,,0
0037B00E,PackInTestScorchBeastkAmbushFissure02StorageCell,,0
003B993A,,,0
003BD4FE,,,0
003CC85A,,,0
00439AD6,WarehouseActorRespawn02,Quick Test Cell,0
0064C3E6,PackInXPDDungeonPackinStorageCell,,0
0065207A,PackInXPDVertibirdScenePackInStorageCell,,0
0000D6B0,PackInTestLinksStorageCell,,0
00123590,COPY0058,,0
00173DD8,COPY0101,,0
00321554,,,0
0032BC20,PackIn76LoadElevatorHiTechPackIn01ButtonStorageCell,,0
0039E680,PackInWorkshopPowerSwitchRandompackinStorageCellDUPLICATE000,,0
003A89C8,,,0
003CC864,,,0
0040E070,,,0
004EBDA8,zCUTWarehouseSignsCustomOLD,Quick Test Cell,0
0051AD38,PackInMSiloOperationsConsoleCabSolo04StorageCell,,0
005273A8,,,0
00530EBC,zCUTMonongahMissileSilo01OLD,Missile Silo Bravo,0
00587BCC,zCUTTestTheWaywardExt,Quick Test Cell,0
00602FAC,PackInSheltersEntranceVaultServerRoomLargeStorageCell,,0
00651080,PackInATXWavvyWillardsWaterBedPackInStorageCell,,0
00083FFE,PackInLvlStingwingAmbushWallPackInStorageCell,,0
000A5E92,PackInLvlRadStagDefaultPackInStorageCell,,0
000CFD46,COPY0285,,0
0015D6E6,,,0
0019F4CE,COPY0222,,0
001D0AA6,PackInLvlMirelurkKingAmbushWaterPackInStorageCell,,0
0022002E,,,0
0022C1EE,,,0
003EA4FE,,,0
0041302A,zCUTRaRaPrototypes01,Quick Test Cell,0
0051AD42,PackInMSiloOperationsConsoleCabCluster01StorageCell,,0
005A0596,DebugJMoretto,Quick Test Cell,0
005A114E,PackInATXworkshopCollectorScavengepackinSantaStorageCell,,0
005A1EFA,PackInATXCollectronpackinSantatronStorageCell,,0
005A5546,zCUTDebugShelterszzTestCell,Quick Test Cell,0
005B5E1E,zCUTProtoExpo05,Quick Test Cell,0
00606D6E,DebugElishaM,Quick Test Cell,0
0066144E,DebugJeffU03,Quick Test Cell,0
000028F0,,,0
00004060,,,0
00006F40,zCUTHuntersvilleSewers,Huntersville Sewers,0
000073F0,WarehouseStairsCatwalkScaffolding,Quick Test Cell,0
0001A7C0,,,0
0008C08C,COPY0274,,0
0012B6F0,zCUTTestDrew2,Quick Test Cell,0
0012D5CC,PackInPACKMtnRemovalBoulders02StorageCell,,0
00181C30,,,0
0018F114,PackInPOITrainStationPrefab02StorageCell,,0
0019F4D8,COPY0217,,0
001A4EB0,COPY0250,,0
00207A60,76HoldingCellRegionForest,Quick Test Cell,0
00209234,DebugJamesP,Quick Test Cell,0
00220038,,,0
002BA430,,,0
003C459C,,,0
003C5348,,,0
003DE5A0,,,0
00403828,zCUTDebugVault79Entrance,Quick Test Cell,0
0051AD4C,PackInMSiloOperationsConsoleRight01StorageCell,,0
005A6ACC,PackInATXPackinWorkshopPottingShedStorageCell,,0
005DBDF8,PackInATXDisplayMannequinRackFemaleRedStorageCell,,0
005DD310,PackInATXEncampmentFenceGatePKINStorageCell,,0
005FEB00,PackInWorkshopFloraPumpkin04packinStorageCell,,0
00608AC4,,,0
0061D924,PackInMirelurkKingTubePackInStorageCell,,0
006218D0,PackInSCORES5COMPPackinCampObjectInspectorPKINStorageCell,,0
0063220C,PackInHumanFemaleTubeStorageCell,,0
00002D46,,,0
000333E2,,,0
0003D982,PackInLvlBloodbugAmbushGroundPackInStorageCell,,0
0008C096,COPY0271,,0
0011996E,zCUTTESTDannyAmbush,Quick Test Cell,0
0013FEB6,COPY0061,,0
00181C3A,,,0
00183602,COPY0129,,0
001862EE,PackInTrapBowWallHorizPackinStorageCell,,0
001A45BE,COPY0246,,0
001AB2BA,COPY0294,,0
001DFAF6,,,0
0020F062,,,0
002233D2,,,0
00275EDE,,,0
002BA43A,,,0
0030C712,PackInLGTFungusBrain05kOmnicyanStorageCell,,0
003853E2,zCUTTestRafaelint,Quick Test Cell,0
0039B17E,,,0
003C6D7E,PackInCharGenRoomPackInStorageCell,,0
003D6652,,,0
00423BD2,PackInLGTv94SScagelightStorageCell,,0
0051857E,,,0
0051AD56,PackInMSiloOperationsConsoleCorner01StorageCell,,0
0051BD5A,,,0
005275BA,,,0
0052ACCE,PackInClutterPIPavillionSmallLongStorageCell,,0
0056901E,PackInLGTv96SScagelightResearchWarmStorageCell,,0
005E452A,PackInATXEncampmentFenceGateNoSnapPKINStorageCell,,0
00623C66,DebugABlack,Quick Test Cell,0
00634B1A,PackInXPDAmbEWSNodePackinStorageCell,,0
00035EE5,,,0
0003BD6D,,,0
00050E89,zCUTDebugRMC,Quick Test Cell,0
001228D5,PackInPACKMtnTopShrubs04StorageCell,,0
00122FDD,PackInPACKCranBogLogGroup01StorageCell,,0
001277BD,PackInworkshopPACKTestSinkDepthUngroupedStorageCell,,0
00167D09,COPY0086,,0
00181C45,,,0
0018AE5D,PackInBarredDoorDoublePackIn01StorageCell,,0
00195B05,COPY0207,,0
001B4BE5,COPY0316,,0
001C7781,COPY0335,,0
001E6D75,PackInIndGreeb12StorageCell,,0
001F8A9D,,,0
002112CD,,,0
002141AD,,,0
0022E341,,,0
003F3A55,zCUTVault96Gear02,Vault 96 Entrance,0
004DE249,,,0
0051AD61,PackInMSiloOperationsConsoleSingleTall20StorageCell,,0
005544E9,PackInLGTv96sublightwallWarmStorageCell,,0
00564079,,,0
006779D9,TestCellVincent,Quick Test Cell,0
0000433B,PackInPACKToxicTreeStumpBranches03StorageCell,,0
0004E1A7,PackInworkshopCollectorFertilizerpackinStorageCell,,0
0011A27F,COPY0057,,0
001660F3,WarehouseDoors,Quick Test Cell,0
0018574B,zCUTTestWorldChrisP,Marker Cell,0
00192DBF,COPY0198,,0
00195B0F,COPY0202,,0
001C778B,COPY0330,,0
001F8AA7,,,0
002112D7,,,0
0021CA6F,,,0
002269CF,,,0
00275E8F,,,0
0034441F,zCUTTestPowerArmorCorpse,Quick Test Cell,0
003488DF,,,0
00405723,PackInLGTv94sublightStorageCell,,0
004833A3,zCUTTestDusty,Quick Test Cell,0
004DE253,,,0
004EBABB,,,0
0051AD6B,PackInMSiloOperationsConsoleSingleTall10StorageCell,,0
00527AE3,PackInLGTMSASpotS03KflopackinStorageCell,,0
0052BB57,zCUTTestAliasRefillCell,Quick Test Cell,0
0059BCB3,PackInF1SurvivalTentXmasStorageCell,,0
005B703F,PackInSheltersEntranceBasicCavePropStorageCell,,0
0066923F,,,0
006822A3,PackInATXPackInEventFurnitureAppleBarrelStorageCellDUPLICATE000,,0
00005029,PackInPACKMtnTopCreosoteShrubSmall01StorageCell,,0
00093B5D,,,0
00192DC9,PackInBld02Angle45BrickACom01PackInStorageCell,,0
00193C3D,COPY0200,,0
001C7795,COPY0325,,0
0020E8B1,PackInGenericExteriorClutter40StorageCell,,0
002112E1,,,0
00211D6D,,,0
00248AC5,PackInBuoyBellRedStorageCell,,0
00337459,,,0
00396BB1,PackInworkshopCollectorAshforgepackinNEWStorageCell,,0
004333FD,PackInScorchedStatuePackin05StorageCell,,0
004E99F5,,,0
0052F531,zCUTTestMothman,Quick Test Cell,0
005A5961,,,0
005A6451,,,0
005B4619,PackInSheltersEntranceSmallGreenhouseSmallStorageCell,,0
005F0E75,DebugDobert04,Quick Test Cell,0
0060A6A9,,,0
000028BF,,,0
0002FE87,PackInworkshopPACKTableTest01GroupedStorageCell,,0
0009BABF,,,0
001B193B,COPY0313,,0
001C779F,COPY0320,,0
001F6BDF,,,0
00275BE7,,,0
0030878F,DebugJamieC,Quick Test Cell,0
00424FE7,zCUTTestPathing,Quick Test Cell,0
0055A6AF,PackInTestQuickCamp02StorageCell,,0
005752CF,zCUTTestMattD,Quick Test Cell,0
00586D3B,PackInDenizenPackInScavengerTreasureStorageCell,,0
00006F19,PackInPACKMtnTopCreosoteShrubLarge01StorageCell,,0
000083CD,,,0
00008CC9,,,0
0000F709,zCUTTestJayQuestCell,Quick Test Cell,0
00013DBD,PackInForestPackTree04aStorageCellDUPLICATE001,,0
0002B909,COPY0257,,0
00044CF1,WarehouseEncounterWave,Encounter Wave Test Area,0
0005A0C9,zCUTDebugBryan01,Quick Test Cell,0
000852A1,,,0
0008DA91,PackInworkshopPACKTableTest01UngroupedStorageCell,,0
00170F49,COPY0095,,0
0017EA6D,,,0
00197C61,PackInV943BulkheadNoTriggerStorageCell,,0
001D4779,PackInPACKMtnRemBoulders01LightStorageCell,,0
0036BAB5,,,0
0039C59D,,,0
003C5AF1,,,0
003D8B3D,,,0
003DCD41,PackInPlayerHouseRuinKitchenCabinet05BareMetalPackInStorageCell,,0
003E58B5,,,0
0042FDC5,PackInPACKMtnTopPines02DistantStorageCell,,0
004E9F81,,,0
005262C9,,,0
00577859,PackInBabylonHalloweenDecoOverseerAndZaxRealStorageCell,,0
00586D45,PackInDenizenPackInScavengerCamperStorageCell,,0
005FF9B1,PackInATXFenceBarbedWireGatePKINStorageCell,,0
0000416F,,,0
00007FEF,,,0
000083D7,PackInSLABMedShackBootlegger01StorageCell,,0
0000B8F7,,,0
0001559B,PackInPACKForestTrees030104StorageCell,,0
00051947,zCUTWarehouseAmbushesOLD,Quick Test Cell,0
0005712B,PackInLvlRadRoachAmbushWallStorageCell,,0
00085D37,PackInPACKToxicShrubGroupMed04StorageCell,,0
0008C06F,COPY0279,,0
000CF9AF,,,0
0011CFF7,zCUTTestAmbush,Ambush Test Cell,0
00149363,PackInKlaxonLightNSPackInStorageCell,,0
00170F53,COPY0090,,0
00181C13,,,0
001A0B63,COPY0291,,0
001D4783,PackInPACKMtnRemShrubGroupSm01DarkStorageCell,,0
0020C66F,,,0
003AC713,,,0
003B993B,,,0
003CC85B,,,0
003E27EB,,,0
00439AD7,WarehouseActorRespawn01,Quick Test Cell,0
0051DF93,,,0
0064C3E7,PackInXPDExteriorPackinStorageCell,,0
00662E67,PackInATXCollectronpackinFETCHJunkyardDogStorageCell,,0
0004B939,zCUTTestGunRangeMR,DebugRange,0
00085D41,PackInPACKToxicShrubGroupSm06StorageCell,,0
0015D6DD,,,0
00193AD5,PackInKlaxonLightPackInStorageCell,,0
0019FCF9,COPY0216DUPLICATE000,,0
002105C1,,,0
002B802D,zCUTBabylonStagingAreaZax,Babylon Zax Vault,0
00321555,,,0
0032BC21,zCUTTestElevators,Quick Test Cell,0
0046085D,zCUTVault9603Steve,Vault 96,0
0051AD39,PackInMSiloOperationsConsoleCabSolo03StorageCell,,0
005294DD,,,0
00537835,zCUTDebugTempCavern01,Quick Test Cell,0
0055765D,PackInbabylonquickstairspackinStorageCell,,0
00570BD5,zCUTTestMikePInt,Quick Test Cell,0
005C38D5,,,0
00004057,zCUTCharlestonHoldingCell,Quick Test Cell,0
000A5E93,PackInLvlRadscorpionDefaultPackInStorageCell,,0
000E016F,,,0
00109D67,zCUTTestEncounters3,Observation Cell,0
00146627,COPY0072DUPLICATE000,,0
0021B723,,,0
0022002F,,,0
00320047,PackInLGTCeilingFanLight01SStorageCell,,0
003C6857,DebugMJ,Quick Test Cell,0
003EA49B,,,0
003EA4FF,,,0
004263FB,zCUTJohnyConPrototype01,Quick Test Cell,0
0051AD43,PackInMSiloOperationsConsoleRight05StorageCell,,0
0056FB77,,,0
005F87BF,zCUTDebugAlexB,Quick Test Cell,0
005FBC17,PackInATXCollectronpackinNukaColaStorageCell,,0
0067D4BF,DebugBrentC,Quick Test Cell,0
00684B7F,PackInMoonCommunalCampfirePackInStorageCell,,0
00004061,,,0
0003104D,PackInWorkshopPortaPottyPackinStorageCell,,0
0005F105,zCUT76AITestCellTick,Quick Test Cell,0
0012D5CD,PackInPACKMtnRemBoulders01StorageCell,,0
00146631,PackInTrapGunWallHorizPistolPackinStorageCellDUPLICATE002,,0
001466F9,PackInTrapGunWallVertRiflePackinStorageCell,,0
001DFAED,,,0
00203B19,,,0
002BA431,,,0
002CA025,,,0
0039CA75,,,0
003C459D,,,0
003DE5A1,,,0
0048312D,PackInbabylonkitPerimeterWall01StorageCell,,0
004F955D,WarehouseTestHoldPos,Quick Test Cell,0
0051AD4D,PackInMSiloOperationsConsoleCorner10StorageCell,,0
005DBDF9,PackInATXDisplayMannequinRackFemaleYellowStorageCell,,0
005FEB01,PackInWorkshopFloraPumpkin01packinStorageCell,,0
00608AC5,,,0
0063220D,PackInZetanTubePackInStorageCell,,0
0063540D,,,0
006C6DBD,PackInSCORES14CollectronpackinAutoMinerStorageCell,,0
00004007,zCUT76DangerRoom,76 PVP Playground,0
000042C3,zCUTTestDrewIndScraps,Quick Test Cell,0
0003D983,PackInLvlBloodbugAmbushCeilingShortPackInStorageCell,,0
0005096B,zCUTTESTJamesTest01,Quick Test Cell,0
0009DC93,PackInLoadElevatorUtilityPackInStorageCell,,0
001715BB,COPY0100,,0
001796A3,PackInTrapMonkeyPackinStorageCell,,0
00181C3B,,,0
00183603,COPY0128,,0
0018B8DF,,,0
001C7777,COPY0340,,0
001DFAF7,,,0
001FCC33,zCUTTestMikeCell,Quick Test Cell,0
0020F063,,,0
002233D3,,,0
00275F43,,,0
002BA43B,,,0
002C8B7B,PackInworkshopPACKPerimeterWall02WallsShack01StairsStorageCell,,0
0030C713,zCUTTestWindingPathObjects,Quick Test Cell,0
0039B17F,,,0
003D6653,,,0
0051AD57,PackInMSiloOperationsConsoleSingleShort04StorageCell,,0
005275BB,,,0
0052ACCF,,,0
0056901F,PackInLGTv96sublightterminalResearchCoolStorageCell,,0
00602DD7,PackInWorkshopFloraPumpkinVine01packinStorageCell,,0
00634B1B,PackInXPDObjModAssassinationTerritoryPackinStorageCell,,0
006371C7,PackInATXFirstRespondersFireStationPKINStorageCell,,0
00683DE7,PackInATXAppleBucketPKINStorageCell,,0
0003BD6E,,,0
00044A0E,zCUTWarehouseTestCenter,Testing Center,0
00084D02,PackInLvlFeralGhoulAmbushMantelPackInStorageCell,,0
000939BA,COPY0281,,0
001228D6,PackInPACKMtnTopShrubs03StorageCell,,0
00122FDE,PackInPACKCranBogTreeGroupMed01StorageCell,,0
001277BE,PackInworkshopPACKTestSinkDepthGroupedStorageCell,,0
0017D07E,,,0
00181C46,,,0
001A45CA,COPY0240,,0
001DFB02,,,0
001EE6F2,,,0
001F8A9E,,,0
002112CE,,,0
0022D2DA,,,0
0022E342,,,0
00275C2E,,,0
00275E86,,,0
00283306,PackInClutterPIDeerHangingOnPost01StorageCell,,0
0037E1DE,,,0
00383DAA,DebugRobA,Quick Test Cell,0
004DE24A,,,0
004EFEAA,,,0
0051AD62,PackInMSiloOperationsConsoleSingleTall19StorageCell,,0
0053E8DE,zCUTTestRaRaVentStandards,Quick Test Cell,0
005E95AE,WarehouseEWSTest,Quick Test Cell,0
005F094E,PackInSheltersEntranceVaultQuartersLargeStorageCell,,0
0061898A,PackInYaoGuaiTubePackInStorageCell,,0
000044CC,,,0
00062E78,zCUTTestKurtREObject,Quick Test Cell,0
00180A58,COPY0052,,0
001A45D4,COPY0235,,0
001C7534,zCUTTestHazards,Hazard Test,0
001F8AA8,,,0
002112D8,,,0
0021CA70,,,0
002269D0,,,0
00275D00,,,0
00275E90,PackInNewDeskLamp01NSPackinStorageCell,,0
0043D930,DebugRussellR,Quick Test Cell,0
004DE254,,,0
004FCC90,,,0
0051A59C,,,0
0051AD6C,PackInMSiloOperationsConsoleSingleTall09StorageCell,,0
00526A7C,,,0
005600D8,PackInREPackInMiningStorageCell,,0
0000747E,zCUTDebugJustinM,Quick Test Cell,0
0000792E,,,0
0000C302,,,0
00160B72,COPY0075,,0
00162792,COPY0074DUPLICATE000,,0
001A45DE,COPY0230,,0
001A94C6,COPY0293,,0
001B0B22,COPY0306,,0
00211D6E,,,0
00248AC6,PackInBuoyBellGreenStorageCell,,0
00275BDE,,,0
002B712E,,,0
0032B236,PackInLGTFluorescentLight01kSPackinStorageCell,,0
003381A2,PackInworkshopArtillerypackinNEWStorageCell,,0
003FBBB6,zCUTW05MQ101PTest,Quick Test Cell,0
004F4A86,,,0
005A6452,,,0
0060A6AA,PackInATXFenceGateHedgeRedCedarDying128PKINStorageCell,,0
000043B4,PackInPACKToxicShrubGroupMed05StorageCell,,0
000134B8,PackInTESTPackInStorageCell,,0
00014200,,,0
0012DFC4,PackInPACKMtnTopPinesShortSparseStorageCell,,0
0013D064,,,0
0015D6C0,,,0
00181C00,,,0
001B0B2C,COPY0301,,0
00275BE8,,,0
0047B9D8,,,0
00545DC8,,,0
0055A6B0,PackInF1SurvivalTentStorageCell,,0
00586D3C,PackInDenizenPackInScavengerSurveyorStorageCell,,0
005D16FC,zCUTDebugCameronL,Quick Test Cell,0
00669704,PackInNWOTNukaCrateStallTemplateNoLootStorageCell,,0
0001A92A,WarehouseTestEncounterTypes,Encounter Types Test Area,0
00162A62,COPY0081,,0
0016BAEA,COPY0085,,0
0017EA6E,,,0
001B0B36,COPY0295,,0
001D477A,PackInPACKMtnRemTreePineStumps02DarkStorageCell,,0
00275BF2,,,0
003C5AF2,,,0
003D02EA,,,0
003D8B3E,,,0
0042FDC6,PackInPACKMtnTopPinesShortSparseDistantStorageCell,,0
0046760E,,,0
0050DB62,,,0
005262CA,,,0
00536D32,PackInATXworkshopCollectorScavengepackinCopperStorageCell,,0
0053C516,zCUTTestMikeEnt,Quick Test Cell,0
0057785A,,,0
00586D46,PackInDenizenPackInSettlerCamperStorageCell,,0
005FF9B2,PackInATXFenceBarbedWireGatePCKNStorageCell,,0
0067A496,PackInSCORES11FurnitureTireSwingTreePackInStorageCell,,0
00003040,zCUTTestPhil01,Quick Test Cell,0
000083D8,PackInSLABMedWarehouse01StorageCell,,0
0000E134,PackInPACKToxicTreeClusterSm03StorageCell,,0
00017A54,COPY0254,,0
00085D38,PackInPACKToxicShrubGroupMed03StorageCell,,0
001202C0,PackInPACKMtnTopPineStumps02StorageCell,,0
00149364,PackInKlaxonLightDestPackInStorageCell,,0
00175B80,COPY0103,,0
00181C14,,,0
001D4784,PackInPACKMtnRemTreePineStumps01StorageCell,,0
0020C670,,,0
003B993C,,,0
003CC85C,,,0
003E27EC,,,0
004E3740,zCUTTestChrisH,Quick Test Cell,0
004F5210,zCUTTESTRegionConditionsForest,Forest Regional Conditions Test,0
0051DF94,,,0
005AD040,PackInSupplyRunDataPackInStorageCell,,0
000049AE,zCUTTestCharGenBackup01,Vault 76,0
0001AA06,DebugMandi,Quick Test Cell,0
0003A2B6,,,0
0003E06E,PackInBarredDbDoorChained01StorageCell,,0
0004B93A,zCUTTestWorkshopMR,DebugRange,0
00085D42,PackInPACKToxicShrubGroupSm05StorageCell,,0
0008F662,,,0
0015D6DE,,,0
002105C2,,,0
0032BC22,PackIn76LoadElevatorUtility04ButtonsStorageCell,,0
0040BE12,DebugDobert02,Quick Test Cell,0
0040E072,,,0
0051AD3A,PackInMSiloOperationsConsoleCabSolo02StorageCell,,0
000027BC,DebugZachW,Quick Test Cell,0
00004058,zCUTTestEncounters,Test Encounters,0
00044CAC,WarehouseNativeTerminals,Quick Test Cell,0
000A5E94,PackInLvlMoleratDefaultPackInStorageCell,,0
0019F4D0,COPY0221,,0
0021B724,,,0
00220030,,,0
00320048,PackInLGTFungusGreen100lmStorageCell,,0
003DA650,zCUTTestNuke,Quick Test Cell,0
003EA500,,,0
004263FC,zCUTRaiderRevengePrototype01,Quick Test Cell,0
0044D04C,WarehouseAtomicShopVideoCell,Atomic Shop Background Video Cell,0
004F7808,,,0
0051AD44,PackInMSiloOperationsConsoleLeft05StorageCell,,0
0067D4C0,DebugBrentC02,Quick Test Cell,0
00004062,,,0
0003BDBE,PackInPACKToxicClutterSm01StorageCell,,0
000500CA,COPY0042,,0
0008C08E,COPY0273,,0
0008F676,,,0
00120216,,,0
00125A5E,PackInTruckFlatbedMegaloaderStorageCell,,0
0018F1DE,PackInPOITrainStationPrefab04StorageCell,,0
0019F4DA,COPY0216,,0
001A4EB2,COPY0249,,0
001DFAEE,,,0
00203B1A,,,0
002394EA,PackInFireExtinguisher01WithHolderStorageCell,,0
00290326,zCUTMissileSilo01JJTest,Quick Test Cell,0
002BA432,,,0
00378AAE,76HoldingCellWhitespringResort02,Whitespring Resort Holding Cell 2,0
00379B7A,,,0
003C459E,,,0
003CAA02,PackInEmptyNukaColaMachineBrokenWithLidStorageCell,,0
003DE5A2,,,0
0051AD4E,PackInMSiloOperationsConsoleCorner09StorageCell,,0
0053063A,DebugMartin,Quick Test Cell,0
005DBDFA,PackInATXDisplayMannequinRackMaleStorageCell,,0
005FEB02,PackInWorkshopFloraPumpkin02packinStorageCell,,0
00608AC6,,,0
0001A8F8,,,0
0003D984,PackInLvlBloodbugAmbushCeilingPackInStorageCell,,0
0004BAE8,,,0
00183604,COPY0127,,0
001A45C0,COPY0245,,0
001A85D0,COPY0251,,0
001DFAF8,,,0
0020F064,,,0
002233D4,,,0
00275EE0,,,0
00275F44,,,0
002BA43C,,,0
002C38AC,zCUT76AITestCellScorched,Quick Test Cell,0
002EBD34,WarehouseInstruments,Quick Test Cell,0
003CFED0,zCUTTestEmil,Emil's Test Cell,0
003D3EE0,,,0
003D6654,,,0
004F94A0,,,0
0050E1D4,76HoldingCellWhitespringResort,Whitespring Resort Holding Cell,0
0051AD58,PackInMSiloOperationsConsoleSingleShort03StorageCell,,0
005275BC,,,0
00569020,PackInLGTv96sublightterminalResearchWarmStorageCell,,0
00574628,zCUTCOMPDeleteThis,Quick Test Cell,0
006EFE6C,DebugSamuelC01,Quick Test Cell,0
00007DCB,WarehouseFallout4,Quick Test Cell,0
001228D7,PackInPACKMtnTopShrubs02StorageCell,,0
00122FDF,,,0
001277BF,PackInworkshopPACKBarnPrefab01StorageCell,,0
00192DB7,COPY0199,,0
00195B07,COPY0206,,0
001A281B,,,0
001B4BE7,COPY0315,,0
001C7783,COPY0334,,0
001DFB03,,,0
001EE6F3,,,0
001F8A9F,,,0
001FAB0B,,,0
002112CF,,,0
00216C43,,,0
0022D2DB,PackInSuperMutantCamp04StorageCell,,0
0022E343,,,0
003B1EC7,WarehouseWorkshopItems,Worshop Items Warehouse,0
004DE24B,,,0
0050D9AB,zCUTTestLogan,Quick Test Cell,0
0051AD63,PackInMSiloOperationsConsoleSingleTall18StorageCell,,0
0053E8DF,zCUTProtoExpo04,Quick Test Cell,0
005ADDBB,PackInATXDoorNukaColaMachineSecretStorageCell,,0
005B1D03,,,0
005B7D7F,PackInSCORES1PKINCAMPDeployableFutureTecStorageCell,,0
000043A1,,,0
00011C6D,zCUT76AITestCellRadtoad,Quick Test Cell,0
0011A281,COPY0056,,0
001203C5,PackInPACKMtnTopPines05StorageCell,,0
001857B1,,,0
00192DC1,COPY0197,,0
00195B11,COPY0201,,0
001AAD59,COPY0300,,0
001B0B19,COPY0311,,0
001C778D,COPY0329,,0
001F8AA9,,,0
00209BB5,WarehouseActivators,Animated Activators Ahoy,0
0020FC31,PackInLGTRSMOmniNS1kfancywarmpackStorageCell,,0
002112D9,,,0
00232871,,,0
00275BD5,,,0
00275E91,,,0
003338F1,,,0
003C4BFD,,,0
00439DD1,PackInWorkshopWindChimeWallPackInStorageCell,,0
004DE255,,,0
0051AD6D,PackInMSiloOperationsConsoleSingleTall08StorageCell,,0
00526A7D,PackInCargoConsole02PackinStorageCell,,0
005A65D9,PackInSheltersEntranceCavesmallStorageCell,,0
00665A65,76HoldingCellNWOT,Quick Test Cell,0
0000408B,zCUTTestLockpickHack,Quick Test Cell,0
000043AB,PackInPACKToxicTreeStumpBranches02StorageCell,,0
00004B17,zCUTTestCory01,Quick Test Cell,0
0000C303,PackInSLABMedIndustrial01StorageCell,,0
0001376B,PackInForestPackTree03aStorageCell,,0
000922C3,DebugCBernardo,Quick Test Cell,0
0010D513,zCUTTestTony,Quick Test Cell,0
00181BF7,,,0
00181C5B,,,0
00192DCB,PackInBld04AddFirescape01PackInStorageCell,,0
001C7797,COPY0324,,0
00275BDF,,,0
00275E9B,,,0
003CC137,,,0
00451413,PackInStorageCellDUPLICATE000,,0
004F4A87,,,0
005292C3,zCUTTestAtomicShop01,Atomic Shop,0
005EC377,,,0
005FBF6B,PackInWendigoTubePackInStorageCell,,0
0065D473,E09DGWWS,Quick Test Cell,0
000017F5,,,0
0001B475,PackInPACKSwampRockFungusCluster01StorageCell,,0
00044CE9,zCUTCharlestonCapitolBuilding01,Charleston Capitol Building,0
0009FE55,PackInPrewarFancyCurioWithDoors01StorageCell,,0
00130095,,,0
0018FC39,PackInTrainStationPrefabStation1StorageCell,,0
001B193D,COPY0312,,0
001C77A1,COPY0319,,0
001F6925,,,0
00275BE9,,,0
0039017D,,,0
003D7D25,zCUTTestTED01,Quick Test Cell,0
003F01D1,PackInVault94SeedBankOffStorageCell,,0
004E55A5,PackInCritterBSandboxWithRespawnPackInStorageCell,,0
00545DC9,PackInASMDisplayCaseShort01PackInStorageCell,,0
00586D3D,PackInDenizenPackInSettlerSurveyorStorageCell,,0
00669705,PackInNWOTNukaCrateStallTemplateLowLootStorageCell,,0
0003AEBF,zCUTTestAudioSchreibaby,Quick Test Cell,0
00052A0B,PackInShackWallDoorSet02StorageCell,,0
00098547,COPY0282,,0
0011221B,zCUTDLC06VaultWorkshop,Vault 88,0
001201EF,PackInPACKMtnTopBoulders02StorageCell,,0
0012B08B,PackInPACKMtnTopBoulderStack03StorageCell,,0
00170F4B,COPY0094,,0
0017EA6F,,,0
001D477B,PackInPACKMtnRemTreePines05DarkStorageCell,,0
003861C3,,,0
003904A7,DebugStephanieZ,Quick Test Cell,0
003C5AF3,,,0
003D8B3F,PackInLGTCeilingLamp01OnSHORTSpotNSStorageCell,,0
004101F7,DebugVictoria,Quick Test Cell,0
00489ECB,,,0
005262CB,,,0
00586D47,PackInDenizenPackInScavengerButcherStorageCell,,0
005B2B3B,PackInSheltersEntranceMediumVaultSmallStorageCell,,0
005FB42B,PackInF1SurvivalTentAPCBaselineStorageCell,,0
000083D9,PackInSLABMedRadioTower01StorageCell,,0
0000E135,PackInPACKToxicTreeClusterSm02StorageCell,,0
00013D01,WarehouseAnimations,Animation Test Cell,0
00085D39,PackInPACKToxicShrubGroupMed02StorageCell,,0
0008C071,COPY0278,,0
00132A11,PackInMonoRailStation03StorageCell,,0
00170F55,COPY0089,,0
00181C15,,,0
0020C671,,,0
0033CACD,,,0
003AC841,zCUTTestRSVP,Quick Test Cell,0
003CC85D,,,0
00427901,zCUTDebugAustinF,Quick Test Cell,0
0043D4A9,WarehouseHazards,Quick Test Cell,0
00552A8D,MotherlodeNavigationTest01,The Cave,0
00593AC9,DebugJae,Quick Test Cell,0
005A2209,zCUTDebugMattO,Quick Test Cell,0
005EB0D5,,,0
00605011,PackInATXFenceGateRedCedarDying128PKINStorageCell,,0
0064D2C1,PackInATXWavyWilardsWaterbedPKINStorageCell,,0
0066AFB5,DebugWSEventTest,Quick Test Cell,0
0000DAFF,zCUTVault96,Vault 96,0
0003A2B7,,,0
00085D43,PackInPACKToxicShrubGroupSm04StorageCell,,0
000F7C4F,COPY0047,,0
001601D7,WarehouseIndustrialMachines,Quick Test Cell,0
0018FC57,PackInTrainStationPrefabOrienterStorageCell,,0
002105C3,,,0
0032BC23,,,0
003848D7,,,0
003B0793,PackInWorkshopWoodStoveStorageCell,,0
0051AD3B,PackInMSiloOperationsConsoleCabSolo01StorageCell,,0
0054B503,zCUTDebugTrevorCapitol,Quick Test Cell,0
005F1417,zCUTProtoExpo06,Quick Test Cell,0
00620537,WarehouseExpeditionsHub,Warehouse Expeditions Dungeon,0
0067A2B7,PackInF1LeanToTentPKINStorageCell,,0
00018559,PackInLewisburgAwningsStarterPackStorageCell,,0
00056011,,,0
0006DE7D,,,0
000A5E95,PackInLvlMirelurkDefaultPackInStorageCell,,0
00145D91,PackInVaultDoorConsolePackInStorageCell,,0
00146629,PackInTrapGunWallHorizAutoPackinStorageCell,,0
00164AED,,,0
00181C29,,,0
001E0891,PackInPACKToxicTreeFallen01StorageCell,,0
00220031,,,0
002B8BF1,PackInWorkshopKeypadShackPoweredGate01packinNEWStorageCell,,0
00320049,PackInLGTFungusBrain100lmStorageCell,,0
003CB4E9,PackInREPackInWhitespringAssaultStorageCell,,0
003EA501,,,0
0040C45D,zCUTW05MQS204PTest,Quick Test Cell,0
004F498D,PackInBabylonKitWall01COPY0000StorageCell,,0
004F7809,,,0
0051AD45,PackInMSiloOperationsConsoleLeft04StorageCell,,0
00006F43,DebugSteveC,Quick Test Cell,0
0000E0EF,PackInFEVDecalTrap04StorageCell,,0
001466FB,PackInTrapGunWallVertShotgunPackinStorageCell,,0
001C776F,COPY0344,,0
001DFAEF,,,0
00203B1B,,,0
00276003,,,0
002BA433,,,0
002CA027,,,0
0033F7D7,DebugDrewL,Quick Test Cell,0
003C459F,,,0
003DE5A3,,,0
00423BCB,PackInLGTv94sublightterminalReactorStorageCell,,0
0051AD4F,PackInMSiloOperationsConsoleCorner08StorageCell,,0
005396C3,,,0
005698AF,PackInATXworkshopCollectorScavengepackinRaiderStorageCell,,0
005D0023,,,0
005DBDFB,PackInATXDisplayMannequinRackMaleBlueStorageCell,,0
0065A633,76GeorgeGunthersWildWest,Quick Test Cell,0
00002579,PackInPACKToxicBasinSm01StorageCell,,0
0000E419,,,0
00031121,zCUT76AITestArena,Quick Test Cell,0
00068C25,,,0
000937BD,zCUTTestMeganS,Quick Test Cell,0
00120285,,,0
001715BD,COPY0099,,0
00183605,COPY0126,,0
00195AFD,COPY0211,,0
0019DB81,COPY0215,,0
001C7779,COPY0339,,0
001DFAF9,,,0
001F8A95,,,0
0020F065,,,0
002233D5,,,0
0022E339,,,0
002BA43D,,,0
002C38AD,zCUT76AITestCellSnallygaster,Quick Test Cell,0
00368B41,PackInworkshopPACKTestGeneratorLightStorageCell,,0
003D6655,,,0
004501FD,,,0
0051AD59,PackInMSiloOperationsConsoleSingleShort02StorageCell,,0
005275BD,,,0
00553609,PackInUD11FirePackinStorageCell,,0
005B5985,,,0
005B6795,PackInSheltersEntranceVaultLivingQuartersSmallStorageCell,,0
006551DD,76HoldingCellKennethDean,Quick Test Cell,0
0006312C,,,0
0007186C,,,0
000732FC,COPY0266,,0
00083AA8,PackInPACKCranBogShrubGroupMed04StorageCell,,0
0008EDF4,PackInworkshopCollectorScavengepackinNEWStorageCellDUPLICATE001,,0
001228D8,PackInPACKMtnTopShrubs01StorageCell,,0
00122FE0,PackInPACKCranBogTreeGroupSm02StorageCell,,0
00140568,COPY0064,,0
00180A50,COPY0111,,0
0019F8D8,COPY0226,,0
001A281C,,,0
001A45CC,COPY0239,,0
001DFB04,,,0
001F8AA0,,,0
001FAB0C,,,0
002112D0,,,0
0022D2DC,,,0
00275C30,,,0
00275CF8,,,0
002E4108,PackInworkshopPACKPerimeterWall01StorageCell,,0
0032D9FC,zCUTTestCharControlTrigger,Quick Test Cell,0
004DE24C,,,0
0051AD64,PackInMSiloOperationsConsoleSingleTall17StorageCell,,0
00556EB8,PackInDefaultChallengeHiTechDoorLargeDamagedPackInStorageCell,,0
005ACC28,,,0
0000258E,,,0
00011CD2,PackInPACKForestTreeX04aStorageCell,,0
0001CFBA,,,0
0008C0AE,COPY0269,,0
0012C19E,zCUTTestRobertClutter01,,0
00180A5A,PackInREPackInSceneStorageCell,,0
001A45D6,COPY0234,,0
001F8AAA,PackInGenericExteriorClutter07StorageCell,,0
002112DA,,,0
003F3166,zCUTVault63Gear,Vault 63 Entrance,0
00439DD2,PackInWorkshopWindChimePackInStorageCell,,0
004DE256,,,0
0051AD6E,PackInMSiloOperationsConsoleSingleTall07StorageCell,,0
00526A7E,,,0
00554172,PackInATXworkshopCollectorScavengepackinFreeStatesStorageCell,,0
005A13D2,PackInF1SurvivalTentFirstRespondersStorageCell,,0
005DB4BA,PackInATXDisplayPowerArmorBlueStorageCell,,0
0000C304,,,0
001215C8,,,0
001A45E0,COPY0229,,0
001B0B24,COPY0305,,0
0022E09C,,,0
00275FC8,,,0
003CC138,,,0
00407FD0,zCUTProtoExpo07,Quick Test Cell,0
005FBF6C,PackInScorchedTubePackInStorageCell,,0
0064D8E4,,,0
000017F6,,,0
0000E122,PackInPACKToxicTreeClusterMed03StorageCell,,0
00112726,COPY0051,,0
0017633E,PackInBusStop01StorageCell,,0
001B0B2E,COPY0299,,0
0030A736,76HoldingCellGraftonMayor,Quick Test Cell,0
0035A29A,,,0
004E55A6,PackInCritterASandboxWithRespawnPackInStorageCell,,0
00586D3E,PackInDenizenPackInSettlerLumberjackStorageCell,,0
005B711E,PackInSheltersEntrancePackinTemplateDONOTUSEStorageCell,,0
006003D2,PackInATXFenceIronGate256PCKNStorageCell,,0
0061F9C6,PackInATXRustedChainLinkGate128PKINStorageCell,,0
0064BD32,76GeorgePWindmilllTest,Quick Test Cell,0
00669706,PackInNWOTNukaCrateStallTemplateMedLootStorageCell,,0
0067498A,,,0
00004AC8,76HoldingCell,Quick Test Cell,0
0014935C,PackInPortADinerPackinDirtyStorageCell,,0
0017EA70,,,0
00181C0C,,,0
001D477C,PackInPACKMtnRemTreePines04DarkStorageCell,,0
00275BF4,,,0
003861C4,PackInClutterHalloweenSettingOrangeStorageCell,,0
003B9934,,,0
003C5AF4,,,0
003E27E4,,,0
00489ECC,,,0
005262CC,,,0
00586D48,PackInDenizenPackInSettlerButcherStorageCell,,0
005AE424,zCUTProtoExpo03,Quick Test Cell,0
005B2B3C,PackInSheltersEntranceMediumMansionSmallStorageCell,,0
00601444,,,0
00002872,PackInWildernessSandboxPackInSubStorageCell,,0
000083DA,PackInSLABMedRuralStorefront01StorageCell,,0
00175B82,COPY0102,,0
00181C16,,,0
001D88C2,PackInTESTWildernessCombatPackinSubStorageCell,,0
0020C672,,,0
0032154E,,,0
0033CACE,,,0
003BD5CA,,,0
003C72D2,zCUTBabylonAudioTestZone,Marker Cell,0
003CC85E,,,0
003DEB62,zCUTTestCharGenTrailer,Quick Test Cell,0
005AE172,PackInATXNukaColaMachineDoorPCKNStorageCell,,0
005EB0D6,,,0
00605012,PackInATXFenceGateRedCedarDying256PKINStorageCell,,0
0001D118,COPY0259,,0
00083FF8,PackInLvlBloatflyAmbushGroundPackInStorageCell,,0
00085D44,PackInPACKToxicShrubGroupSm03StorageCell,,0
00123E90,COPY0060,,0
001833F4,COPY0125,,0
002105C4,,,0
0030392C,,,0
0032BC24,PackIn76LoadElevatorUtility02ButtonsStorageCell,,0
00331BD8,,,0
0034D9F0,zCUTTestAlan,Quick Test Cell,0
0035A830,zCUTTestJustinMScripting,Quick Test Cell,0
003EA23C,zCUTWarehouseRespawnTest,Quick Test Cell,0
0041CC64,zCUTRaRaPrototypes06,Quick Test Cell,0
004FA938,,,0
00513168,,,0
0051AD3C,PackInMSiloOperationsConsoleCabMid03StorageCell,,0
00592EB8,zCUTTestOrionPlatformHelpers,Quick Test Cell,0
005B30C8,zCUTProtoExpo02,Quick Test Cell,0
005DB488,PackInATXGuttedCarGatePackInStorageCell,,0
005EE150,PackInSuperMutantTubePackInStorageCell,,0
0064F1A8,WarehouseTestPathing,Quick Test Cell,0
00699460,MCD11TestCell,Quick Test Cell,0
000028EA,,,0
00088A9E,zCUTTestBruce,Quick Test Cell,0
000A5E96,PackInLvlFEVHoundDefaultPackInStorageCell,,0
001269F6,zCUTTestWill,Quick Test Cell,0
00181C2A,,,0
00197386,zCUTTestJayLChar,Quick Test Cell,0
0019F4D2,COPY0220,,0
00220032,,,0
002B8BF2,PackInWorkshopKeypadShackPoweredGate02WhitepackinStorageCell,,0
0032B4C2,,,0
003A124E,PackInPackFragMineScorchedStorageCell,,0
003B0802,,,0
003BCC7E,,,0
003CD8DA,zCUTMorgantownAirportTerminal01,Morgantown Airport Terminal,0
003EA502,,,0
003FEBF6,PackInE01BEncryptidPylonPackIn03StorageCell,,0
0051AD46,PackInMSiloOperationsConsoleLeft03StorageCell,,0
005A29EE,PackInF1SurvivalTentRaiderStorageCellDUPLICATE001,,0
005A609E,COPY0002,,0
005C895A,PackInSheltersEntranceVaultReceptionSmallStorageCell,,0
005E9466,PackInTurretBubbleWallPackInStorageCell,,0
00677892,PackInATXMedievalPortcullisPKINStorageCell,,0
00001698,PackInWorkshopPACKWrhsPrefab01StorageCell,,0
000028F4,,,0
0000E0F0,PackInFEVDecalTrap02StorageCell,,0
00017F88,,,0
00027DD4,zCUTTestKurtREScene,Quick Test Cell,0
0008C090,COPY0272,,0
001DFAF0,,,0
0020CD34,,,0
0020F124,zCUTWarehouseMusic,Quick Test Cell,0
002BA434,,,0
003A62D0,zCUTOrion,Quick Test Cell,0
003C45A0,,,0
003DE5A4,,,0
00423BCC,PackInLGTv94SScagelightReactorStorageCell,,0
00427C40,zCUTDebugJPickett,Quick Test Cell,0
004517D4,PackInStorageCellDUPLICATE000DUPLICATE000,,0
0051AD50,PackInMSiloOperationsConsoleCorner07StorageCell,,0
005396C4,,,0
005913D8,PackInFloaterAmbushPackInStorageCell,,0
005DBDFC,PackInATXDisplayMannequinRackMaleRedStorageCell,,0
0000257A,PackInPACKToxicBasinGroupSm03BridgeStorageCell,,0
00004CEE,zCUTUnusedVault12004COPY0000,Vault 120 Research Station,0
00018316,,,0
001089F6,COPY0043,,0
001228CE,PackInPACKMtnTopPines03StorageCell,,0
001862F2,,,0
001A45C2,COPY0244,,0
001DFAFA,,,0
001F8A96,PackInGenericExteriorClutter27StorageCell,,0
002233D6,,,0
0022443E,,,0
0022E33A,,,0
002C38AE,zCUT76AITestCellGrafton,Quick Test Cell,0
0033E2CA,,,0
003D6656,,,0
003F754A,PackInTestPosterBoardPackInStorageCell,,0
0042F116,zCUTW05MQ101PATest,Quick Test Cell,0
004501FE,PackInLvlWendigoAmbushPackInStorageCell,,0
00519B62,PackInCrashedSatelliteWreckagePackinStorageCellDUPLICATE001,,0
0051AD5A,PackInMSiloOperationsConsoleSingleShort01StorageCell,,0
005275BE,,,0
00528A0E,,,0
005350E2,DebugEllysT,Quick Test Cell,0
000073A5,zCUTGeneralAtomicsPlant01,Quick Test Cell,0
0009BC35,,,0
000CBF4D,COPY0001,,0
001228D9,PackInPACKMtnTopShrubsSmall03StorageCell,,0
00181C49,,,0
00183161,COPY0189,,0
0018AE61,PackInMultiBarredDoorSinglePackIn01StorageCell,,0
00192DB9,PackInBld03FrontBrickACom01PackInStorageCell,,0
00195B09,COPY0205,,0
001A281D,,,0
001C7785,COPY0333,,0
001DFB05,,,0
001F8AA1,,,0
002112D1,,,0
0022D2DD,,,0
003DE6E5,,,0
004DE24D,,,0
0051AD65,PackInMSiloOperationsConsoleSingleTall16StorageCell,,0
005ACC29,,,0
0000258F,PackInPACKToxicBasinGroupSm02StorageCell,,0
000028AF,,,0
000067F7,PackInPACKMtnRemovalBurningCliffSM02FXStorageCell,,0
00011CD3,PackInPACKForestTreeX04bStorageCellDUPLICATE000,,0
00089427,PackInBloodbugFeedBrahminCorpseStorageCell,,0
00090C13,,,0
0009ED13,PackInToxicVentLG01FXlgPKNStorageCell,,0
001857B3,PackInPACKToxicTreeClusterMed02aStorageCell,,0
00192DC3,COPY0196DUPLICATE000,,0
00195B13,COPY0200DUPLICATE000,,0
001C0133,PackInPowerLiftMiniCartPackInStorageCell,,0
001C778F,COPY0328,,0
001F8AAB,,,0
002112DB,,,0
00211D67,PackInGenericExteriorClutter47StorageCell,,0
0021CA73,,,0
00275BD7,,,0
00318D37,zCUTBabylonTestArea,Marker Cell,0
003ADEC3,,,0
003F3167,zCUTVault96Gear,Vault 96 Entrance,0
00455993,zCUTVault94GECK,Vault 94 G.E.C.K. Wing,0
004DE257,,,0
0051AD6F,PackInMSiloOperationsConsoleSingleTall06StorageCell,,0
005AA8A7,zCUTObservatoryLower01OLD,ATLAS Observatory Basement,0
005DB4BB,,,0
000043AD,PackInPACKToxicTreeStumpBranches01StorageCell,,0
000046CD,zCUTTestPurkeyMine01,Quick Test Cell,0
0000C305,PackInSLABMedChurch01StorageCell,,0
0011C745,zCUTTestEncounters2,Encounter Test Cell,0
001215C9,,,0
001C7799,COPY0323,,0
00275FC9,,,0
005D2A19,,,0
000017F7,PackInPACKFloraBleachDogwood01GroupStorageCell,,0
000041C3,zCUTTestPhilS01,Quick Test Cell,0
00013DB7,,,0
0001B477,,,0
00022F1F,,,0
0004AD67,PackInNukaColaMachineStorageCellDUPLICATE000,,0
00093B6B,,,0
0009533F,,,0
00123DAB,PackInCorpseYaoGuai01forFeedingStorageCell,,0
0012A0E3,,,0
0017B73B,PackInTestScorchBeastkAmbushFissureCrawlOutStorageCell,,0
001814FB,PackInLC060EncPackInStorageCell,,0
001B193F,COPY0310,,0
002252DB,PackInCanneryRetort01PackInStorageCell,,0
00275BEB,,,0
0035A29B,,,0
003C3377,,,0
0042D583,zCUTTestPoseidonPlant02,Poseidon Energy Plant Expansion,0
00485CBF,PackInStorageCellDUPLICATE005,,0
00568E57,PackInREGravePackinStorageCell,,0
00586D3F,PackInDenizenPackInScavengerLumberjackStorageCell,,0
006003D3,PackInATXFenceIronGate128PCKNStorageCellDUPLICATE000,,0
0061F9C7,PackInATXRustedChainLinkGate256PKINStorageCell,,0
00669707,,,0
0067498B,,,0
006960B3,SheltersNuclearTestBunker,Nuclear Test Bunker,0
0000E7D1,zCUTVault9402OLD,Vault 94 OLD,0
0000ED49,76HoldingCellMD02,Quick Test Cell,0
00011B61,zCUTStartCell01,Quick Test Cell,0
00031155,,,0
000ED959,COPY0046,,0
00170F4D,COPY0093,,0
0017EA71,,,0
00181C0D,,,0
001D477D,PackInPACKMtnRemTreePines03DarkStorageCell,,0
0037D205,PackInworkshopTurretTripodpackinStorageCell,,0
003B9935,,,0
003C5AF5,,,0
003E27E5,,,0
00489ECD,,,0
005019A5,,,0
005262CD,,,0
00586D49,PackInDenizenPackInRaiderIntimidatorStorageCell,,0
00002873,PackInWildernessSandboxPackInMainStorageCell,,0
0015D6D7,,,0
00170F57,COPY0088,,0
00181C17,,,0
001D88C3,PackInTESTWildernessCombatPackinMainStorageCell,,0
0020B02F,,,0
0020C673,PackInGenericExteriorClutter35StorageCell,,0
002129AB,zCUTTestJP,Quick Test Cell,0
0032154F,,,0
0033CACF,PackInLGTWSR01KaOmniNSwarmpackinStorageCell,,0
0037D2D7,,,0
003CC85F,,,0
00453A17,zCUTVault94Gear,Vault 94 Entrance,0
0047AF63,76CellTemplate,Quick Test Cell,0
005ACC5B,zCUTSheltersUnusedBasicCave,Cave Shelter,0
005EB0D7,PackInLGTSheltersVATFloorLightStorageCell,,0
005EBFAF,PackInATXBoSRoundtablePackInStorageCell,,0
00609E97,PackInATXFenceIronGate128PCKNDUPLICATE000StorageCell,,0
0068ECC3,DebugAFinn,Quick Test Cell,0
00018551,,,0
0004D945,zCUTTestKurtRETravel,Quick Test Cell,0
00083FF9,PackInLvlBloatflyAmbushWallPackInStorageCell,,0
00085D45,PackInPACKToxicShrubGroupSm02StorageCell,,0
000A5E8D,PackInLvlViciousDogDefaultPackInStorageCell,,0
000ED071,COPY0045,,0
00122CFD,PackInPACKCranBogShrubGroupSm01StorageCell,,0
00146621,COPY0078,,0
001833F5,COPY0124,,0
00197C79,PackInV943BulkheadStorageCell,,0
0030392D,,,0
0032BC25,,,0
003F0511,PackInVltSecurityGateWideStaticPrefabStorageCell,,0
00402D29,zCUTDebugBradH,Quick Test Cell,0
0040A899,zCUTTestLousMine02,Quick Test Cell,0
0044D045,PackInworkshopWoodPlankFenceGate01StorageCell,,0
0051AD3D,PackInMSiloOperationsConsoleCabMid02StorageCell,,0
00564B45,DebugDobert03,Quick Test Cell,0
005C8AE1,PackInATXAmmoConverterpackinStorageCell,,0
00001243,76HoldingCellSQHorde,Quick Test Cell,0
00017DEF,76HoldingCellMD03,Quick Test Cell,0
0004722F,zCUTTestCharGen02,Vault 76,0
0008C087,COPY0276,,0
000A5E97,PackInLvlFeralGhoulDefaultPackInStorageCell,,0
000C4EAF,PackInLvlMirelurkHunterAggro1670GroundPackInStorageCell,,0
0014662B,PackInTrapGunWallHorizMissilePackinStorageCell,,0
00181C2B,,,0
00220033,,,0
002AC83F,,,0
002B8BF3,PackInWorkshopKeypadShackPoweredGate02RedpackinStorageCell,,0
0032B4C3,,,0
003A124F,PackInPackFragMinePlayerStorageCell,,0
003BCC7F,,,0
003EA503,,,0
003FEBF7,,,0
0051AD47,PackInMSiloOperationsConsoleLeft02StorageCell,,0
005A29EF,PackInF1SurvivalTentRaiderStorageCellDUPLICATE000,,0
005C895B,PackInSheltersEntranceVaultServerRoomSmallStorageCell,,0
0061D2DF,,,0
0000E0F1,PackInFEVDecalTrap01StorageCell,,0
00018821,PackInTestPrefabRotation02StorageCell,,0
00018885,PackInTelephonePoleStarterPack01StorageCell,,0
00110305,COPY0044,,0
001466FD,PackInTrapGunWallVertMissilePackinStorageCell,,0
001862E9,PackInTestLLFTestFloraPackinStorageCell,,0
001C7771,COPY0343,,0
001DFAF1,,,0
0020CD35,,,0
0020F05D,,,0
002BA435,,,0
00348BE5,PackInBabylonTestPackin02StorageCell,,0
003C45A1,,,0
003DE5A5,,,0
00423BCD,PackInLGTv94sublightterminalSeedbankStorageCell,,0
0051AD51,PackInMSiloOperationsConsoleCorner06StorageCell,,0
00528555,76HoldingCellWhitespringGrounds,Quick Test Cell,0
005396C5,,,0
005B4DC5,zCUTSheltersUnusedWaterfallCave,Waterfall Cave Shelter,0
005DBDFD,PackInATXDisplayMannequinRackMaleYellowStorageCell,,0
00604285,,,0
00605031,PackInATXCollectronPackInRedRocketPumpStorageCell,,0
000186FF,PackInPACKToxicCreeperMed01StorageCell,,0
000724E3,PackInPACKMtnRemPineFallen02aStorageCell,,0
000732F3,COPY0267,,0
001715BF,COPY0098,,0
00195AFF,COPY0210,,0
0019DB83,COPY0214,,0
001C777B,COPY0338,,0
001DFAFB,,,0
001E6D6F,,,0
001F8A97,,,0
002112C7,,,0
002233D7,,,0
0022B5EB,,,0
0022E33B,,,0
00275C27,,,0
0033E2CB,,,0
003A90F3,76HoldingCellWarehouseHostileDetection,Quick Test Cell,0
003BDAA3,,,0
003D6657,,,0
0042F117,zCUTW05MQ101PBTest,Quick Test Cell,0
004EAEF3,zCUTWarehouseSignsCustom,Quick Test Cell,0
0051AD5B,PackInMSiloOperationsConsoleSingleTall26StorageCell,,0
005275BF,,,0
00528A0F,,,0
005350E3,DebugCarlM,Quick Test Cell,0
005544E3,,,0
00011D92,,,0
001228DA,PackInPACKMtnTopShrubsSmall02StorageCell,,0
0014056A,PackInTreeMapleForest01CrowMarkerPackinStorageCell,,0
0018179A,,,0
00181BE6,,,0
0019F8DA,COPY0225,,0
001A45CE,COPY0238,,0
001DFB06,,,0
001F8AA2,,,0
002112D2,,,0
00275C32,,,0
00275CFA,,,0
002FF5C2,zCUTVaultSystemHoldingCell,Vault System Holding Cell,0
00335F32,,,0
003DE6E6,,,0
004DE24E,,,0
0051AD66,PackInMSiloOperationsConsoleSingleTall15StorageCell,,0
00594A3A,PackInATXCAMPUtilityWaterWellPIStorageCell,,0
005ACC2A,PackInSheltersEntranceLargeTestGazeboStorageCell,,0
0060209E,PackInATXBarrierRedBrickGate128PKINStorageCell,,0
000028B0,,,0
000043A4,PackInPACKToxicTreeStump02StorageCell,,0
0000572C,zCUTBigFredsBBQShack01,Quick Test Cell,0
000067F8,PackInPACKMtnRemovalBurningCliffSM01StorageCell,,0
00007860,zCUT76PVEPlayground,76 PVE Wave Defense,0
00011CD4,PackInPACKForestTreeXDUPLICATE000StorageCell,,0
0001819C,,,0
0001CF58,,,0
0004A458,zCUTTestJasonOld,Quick Test Cell,0
000584F4,PackInWorkshopPACKWrhsWallDoorMed02StorageCell,,0
00091B50,,,0
000A342C,PackInLvlFeralGhoulAmbushCrawlFlatPackInStorageCell,,0
0017B278,zCUTWarehouseCreatureClutter,Quick Test Cell,0
001A45D8,COPY0233,,0
001B0B1C,COPY0309,,0
001F8AAC,,,0
002112DC,,,0
00211D68,PackInGenericExteriorClutter46StorageCell,,0
0021CA74,,,0
00275BD8,,,0
00275FC0,,,0
002ABEA4,PackInPackinDecoPlanter01aStorageCell,,0
0038F2F8,DebugJustinM,Quick Test Cell,0
004DE258,,,0
0051AD70,PackInMSiloOperationsConsoleSingleTall05StorageCell,,0
00548F54,zCUTTestZachGreebs,Quick Test Cell,0
005DB4BC,PackInATXDisplayPowerArmorYellowStorageCell,,0
005FD094,PackInATXRedRocketCollectronPackInStorageCell,,0
0067772C,,,0
0000C306,PackInSLABSmallStore02StorageCell,,0
00015BC2,,,0
00068BE2,,,0
00090C1E,,,0
0009F426,PackInPrewarFancyBureauWithDoorsStorageCell,,0
000E67FE,COPY0037,,0
001A45E2,COPY0228,,0
001B0B26,COPY0304,,0
0030076A,,,0
003264E2,zCUTDebugJason,Test Combat,0
006039B2,PackInPROXYFenceGate128PKINStorageCell,,0
00002D10,zCUTDebugPurkey01,Quick Test Cell,0
0000E124,PackInPACKToxicTreeClusterMed01StorageCell,,0
00013200,zCUTTESTJOHNV01,Quick Test Cell,0
0001B478,,,0
0001D41C,PackInRaiderPatrolPackStorageCell,,0
00053044,zCUT76AITestCellMegasloth,Quick Test Cell,0
00093D60,zCUTTestKurtREAssault,Quick Test Cell,0
00112728,PackInCZSpotlightMainStorageCell,,0
0012A0E4,,,0
0012DFC8,PackInPACKMtnTopBoulderStacksStorageCell,,0
001A8CA0,COPY0252,,0
001B0B30,COPY0298,,0
002C60B0,PackInworkshopCollectorAmmopackinStorageCell,,0
00394258,PackInVTecAgCenterFertilizerStoragePackInStorageCell,,0
003A1B24,,,0
003BA354,,,0
00468C4C,DebugChrisM,Quick Test Cell,0
00485CC0,PackInStorageCellDUPLICATE004,,0
00586D40,PackInDenizenPackInScavengerFarmerStorageCell,,0
005D2B50,PackInATXBoSDoorPCKNStorageCell,,0
0000ED4A,76HoldingCellMD,Quick Test Cell,0
0001358E,PackInPACKForestTreeX04bStorageCell,,0
000937F2,,,0
00108642,PackInCircuitBreakerPackInStorageCell,,0
0014935E,PackInFireAlarmLightNSExteriorPackInStorageCell,,0
00181C0E,,,0
001D477E,PackInPACKMtnRemTreePinesFallen02DarkStorageCell,,0
001E1DF2,,,0
001F6B26,,,0
00275BF6,,,0
00380E92,,,0
003B9936,,,0
003C5AF6,,,0
003E27E6,,,0
003F062A,PackInVaultSeedBankOffStorageCell,,0
00406B96,zCUTTestZach02,Quick Test Cell,0
00489ECE,,,0
005262CE,,,0
00586D4A,PackInDenizenPackInRaiderButcherStorageCell,,0
005B524E,PackInSheltersEntranceCaveLargeStorageCell,,0
0000F1A0,zCUTDebugKurt01,Quick Test Cell,0
00018098,zCUT76WorkshopTest,Quick Test Cell,0
0001C3C8,PackInPACKFloodlandsLogs01StorageCell,,0
00085D3C,PackInPACKToxicShrubGroupMed01StorageCell,,0
000928C0,PackInDMPWeapGunPistolAllStorageCell,,0
001404D4,PackInGurney01WithCushionStorageCell,,0
0015D6D8,,,0
00181C18,,,0
0020B030,,,0
0020C674,,,0
00321550,,,0
0033CAD0,,,0
003CC860,,,0
00559B74,76HoldingCellCompanion,Quick Test Cell,0
005B7AF8,WarehouseEWSModule,Quick Test Cell,0
00634710,,,0
000088FA,,,0
00014222,PackInForestPackLog01StorageCell,,0
00083FFA,PackInLvlBloatflyAmbushCeilingPackInStorageCell,,0
00085D46,PackInPACKToxicShrubGroupSm01StorageCell,,0
00122CFE,PackInPACKCranBogShrubMushrmSm02StorageCell,,0
00132A1E,PackInMonoRailStation02StorageCell,,0
0015D6E2,PackInClutterPIToolRackGarage01withTools03StorageCell,,0
001833F6,COPY0123,,0
0019F4CA,COPY0224,,0
0030392E,,,0
003F0512,PackInVltSecurityGateStaticPrefabStorageCell,,0
00405D36,PackInWorkshopDisplayGenericDisplayTall02PackinStorageCell,,0
00413026,zCUTRaRaPrototypes05,Quick Test Cell,0
0043A1EE,PackInLGTWSBSignPackinStorageCell,,0
0051AD3E,PackInMSiloOperationsConsoleCabMid01StorageCell,,0
0051E9CA,PackInWorldMapTravelSystemLightboxStorageCell,,0
006127BE,,,0
0066C85E,DebugJosephS,Quick Test Cell,0
0000E340,PackInPACKToxicTreeClusterSm01StorageCell,,0
0006F8AC,,,0
000A5E98,PackInLvlBloodbugDefaultPackInStorageCell,,0
000C4EB0,PackInLvlMirelurkHunterAggro1200GroundPackInStorageCell,,0
0012D5C8,COPY0041,,0
00181C2C,,,0
0019F4D4,COPY0219,,0
001DAF84,zCUTTestEncounterSetup,Quick Test Cell,0
00220034,,,0
002B8BF4,PackInWorkshopKeypadShackPoweredGate02BluepackinStorageCell,,0
0032B4C4,,,0
003BCC80,,,0
003DE790,76HoldingCellMSilo,Quick Test Cell,0
003EA504,,,0
003FEBF8,PackInE01BEncryptidPylonPackIn01StorageCell,,0
0047D304,zCUTVault9602,Vault 96,0
0051AD48,PackInMSiloOperationsConsoleLeft01StorageCell,,0
005A29F0,PackInF1SurvivalTentRaiderStorageCell,,0
0062173C,,,0
000072CA,,,0
0001B2B6,COPY0256,,0
0003D97E,PackInLvlMirelurkAmbushWaterPackInStorageCell,,0
00058986,PackInPortADinerPackinStorageCell,,0
00192B4E,COPY0196,,0
001A45BA,COPY0248,,0
001DFAF2,,,0
00203B1E,,,0
0020F05E,,,0
002BA436,,,0
003A577E,PackInFissureSetupPackinStorageCell,,0
003FFC06,zCUTW05MQ102PTest,Quick Test Cell,0
00423BCE,PackInLGTv94SScagelightSeedbankStorageCell,,0
004E21E6,,,0
0051AD52,PackInMSiloOperationsConsoleCorner05StorageCell,,0
0051BD56,,,0
005275B6,,,0
0052ACCA,,,0
005994C2,,,0
00632212,,,0
001A45C4,COPY0243,,0
001DFAFC,,,0
001E6D70,,,0
001F8A98,,,0
002112C8,,,0
002233D8,,,0
0022E33C,,,0
002487F0,,,0
00275C28,,,0
00275E80,,,0
0033E2CC,,,0
003B18E4,,,0
003D6658,,,0
003EFB6C,zCUT76NPCTest,Quick Test Cell,0
00405EE4,PackInLGTv94cagelightStorageCell,,0
0043CAAC,zCUTTestMeganMTX,Quick Test Cell,0
0051AD5C,PackInMSiloOperationsConsoleSingleTall25StorageCell,,0
00528A10,,,0
0052A4A0,WarehouseSystems,Quick Test Cell,0
005544E4,,,0
005A33C8,DebugJustinN,Quick Test Cell,0
0064CBE4,DebugJeffU02,Quick Test Cell,0
0001C397,PackInMutantPackinTestStorageCell,,0
0006F60F,zCUTTestLiam01,Quick Test Cell,0
00090C0B,,,0
001228DB,PackInPACKMtnTopShrubsSmall01StorageCell,,0
0017D853,COPY0289,,0
00181BE7,,,0
00192DBB,PackInBld03CornerBrickACom01PackInStorageCell,,0
00195B0B,COPY0204,,0
001C7787,COPY0332,,0
001F8AA3,,,0
002112D3,,,0
0021CA6B,,,0
00275C33,,,0
00306EDB,zCUTDebugJasonMags,Test Combat,0
00324F53,,,0
0033C77F,,,0
003C5EB7,,,0
003DE6E7,PackInHardPointUltracite01PackInStorageCell,,0
003F0667,zCUT76RandomConvoTest,Quick Test Cell,0
0047F9CF,zCUTVault9603,Vault 96,0
004DE24F,,,0
0051AD67,PackInMSiloOperationsConsoleSingleTall14StorageCell,,0
005B7167,PackInSheltersEntranceMansionLargeStorageCell,,0
005F5FA7,DebugJohnB,Quick Test Cell,0
0060209F,PackInATXBarrierRedBrickGate256PKINStorageCell,,0
006957FF,76HoldingCellMoon,Quick Test Cell,0
00002339,PackInPACKToxicBasinGroupMed02StorageCell,,0
000028B1,,,0
00003AA9,PackInPACKToxicTreeClusterMed05StorageCell,,0
000043A5,PackInPACKToxicTreeStump01StorageCell,,0
000067F9,PackInPACKMtnRemBurningCliffLG03StorageCell,,0
00018E1D,DebugCorrie,Quick Test Cell,0
000584F5,PackInWorkshopPACKWrhsWallDoorMed01StorageCell,,0
000611F9,,,0
0008C0B1,COPY0268DUPLICATE000,,0
0017DBE1,,,0
00192DC5,PackInBld02CornerBrickACom02PackInStorageCell,,0
001C7791,COPY0327,,0
001F8AAD,,,0
00209DAD,zCUTTestJustin,Quick Test Cell,0
002112DD,,,0
00211D69,,,0
0021CA75,,,0
00275BD9,,,0
003E6581,,,0
003FA9B9,zCUTTestZach03,Quick Test Cell,0
0040F5C1,76HoldingCellWayward,Quick Test Cell,0
004333F9,PackInScorchedStatuePackin01StorageCell,,0
0051AD71,PackInMSiloOperationsConsoleSingleTall04StorageCell,,0
0057D7F5,zCUTTestOrionGraftonSteelUnderground01,Quick Test Cell,0
005DB4BD,PackInATXDisplayPowerArmorRedStorageCell,,0
00623BB9,PackInSCORES5COMPPackinCampObjectInspectorPKINCOPY0000StorageCell,,0
00007933,DebugNateE,Quick Test Cell,0
0000C307,PackInSLABSmallStore01StorageCell,,0
000187E7,PackInPACKToxicCreeperSm01StorageCell,,0
00056493,PackInRoundLampandBeamStorageCell,,0
0008B567,PackInLewisburgCarnegieHallStarterPackStorageCell,,0
00115983,PackInPACKCranBogShrubGroupSm03StorageCell,,0
0015D6BB,,,0
00181C5F,,,0
001C779B,COPY0322,,0
00275BE3,,,0
003B25E7,zCUTTestHunterHunted,Quick Test Cell,0
0055E337,zCUTZachTest05,RobCo Auto-Supply Cache #001,0
006039B3,,,0
00620F3B,PackInATXCollectronpackinFETCHStorageCell,,0
0068C01F,DebugBadenG,,0
00000025,NavMeshGenCell,,0
00013DB9,,,0
0001F7A9,76QASmoke02,Quick Test Cell,0
00058955,76HoldingCellMarkers,Quick Test Cell,0
0007D27D,PackInLvlBloodbugAggro650CeilingShortPackInStorageCell,,0
000B2545,COPY0283DUPLICATE000,,0
00123DAD,PackInCorpseMolerat01forFeedingStorageCell,,0
0015D6C5,,,0
00170F45,COPY0097,,0
0018F0E9,PackInPOITrainStationPrefab06StorageCell,,0
001D4775,PackInPACKMtnRemTreePinesShortSparseDarkStorageCell,,0
001E48E1,,,0
00275BED,,,0
00332A31,zCUTTestEncounterTurfSetup,Quick Test Cell,0
003A1B25,,,0
003BA355,,,0
003EFD25,zCUT76AnimArchetypeTest,Quick Test Cell,0
00426951,zCUTW05MessageTest,Quick Test Cell,0
0042FDC1,PackInPACKMtnTopPines01DistantStorageCell,,0
005262C5,,,0
0056BAE1,COPY0005,,0
00586D41,PackInDenizenPackInSettlerFarmerStorageCell,,0
005A70E1,,,0
006C88E9,DebugFKhan,Quick Test Cell,0
0000E12F,PackInPACKToxicTreeClusterSm05StorageCell,,0
0000ED4B,,,0
0001358F,PackInPACKForestTreeX04StorageCell,,0
0006DE63,76HoldingCellEnclave,Quick Test Cell,0
0008BBBB,COPY0268,,0
000A2E0B,PackInMetalBarrelRadioactive02PACKStorageCell,,0
0011B243,PackInFEVDecalTrap03StorageCell,,0
00133D93,,,0
00170F4F,COPY0092,,0
00181C0F,,,0
00190CAF,COPY0195,,0
001D477F,PackInPACKMtnRemTreePines02DarkStorageCell,,0
00380E93,,,0
003B9937,,,0
003E27E7,,,0
004521D7,PackInStorageCellDUPLICATE003,,0
005262CF,,,0
0054EB3F,76HoldingCellCompanionAstronaut,Quick Test Cell,0
00586D4B,PackInDenizenPackInRaiderCamperStorageCell,,0
005A3333,PackInF1SurvivalTentSettlerStorageCell,,0
005ACA5F,PackInATXRedRocketGaragePowerArmorStorageCell,,0
00649B43,76TestQDJP,,0
00679A73,,,0
0067E18B,PackInATXPackInAppleBarrelStorageCell,,0
0001C3C9,PackInPACKFloodlandsRocks02StorageCell,,0
0003BDA5,,,0
0004721D,zCUTTestCharGen04,Vault 76,0
0011CE6D,76HoldingCellRE,Quick Test Cell,0
0015D6D9,,,0
00181C19,,,0
001F9629,,,0
0020B031,,,0
00275EBD,,,0
00321551,,,0
0032BC1D,PackIn76LoadElevatorHiTechPackIn04ButtonsStorageCell,,0
0032C005,,,0
0033CAD1,PackInLGTWSRroomtmplatepackinStorageCell,,0
00390005,PackInWorkshopKeypadFloorSafe01packinStorageCell,,0
003AB139,,,0
003C9661,zCUTTestCharGenRoom,Quick Test Cell,0
003CC861,,,0
00404AD1,zCUTW05MQS203PTest,Quick Test Cell,0
00465421,zCUTVault96OLD,Vault 96,0
005A2B09,DebugVeronicaHDUPLICATE000,Veronica's Test Cell,0
005ADC61,PackInSheltersTestEntranceSnapTestMultipleStorageCell,,0
00617319,DebugMattT,Quick Test Cell,0
00620A45,PackInATXFenceGateHedgeRedCedar128PKINStorageCellDUPLICATE000,,0
000088FB,PackInWorkshopPACKWrhsPrefab02StorageCell,,0
00014223,,,0
0001CF8B,,,0
0003E0D7,PackInPfbDoorChained01StorageCell,,0
00083FFB,PackInLvlMirelurkAmbushDirtPackInStorageCell,,0
000A5E8F,PackInLvlSupermutantDefaultPackInStorageCell,,0
00122CFF,PackInPACKCranBogShrubMushrmSm01StorageCell,,0
001244D3,PackInBoatFishing01PackInStorageCell,,0
0012954B,zCUTTestDrewPowerPlants,Quick Test Cell,0
00146623,COPY0077,,0
00157F63,WarehouseWorkbenches,Quick Test Cell,0
0015D6E3,,,0
0017F44B,76HoldingCellDQObjectName,Quick Test Cell,0
001833F7,COPY0122,,0
0022FEDB,,,0
0030392F,,,0
003F0513,PackInVltSecurityGate02StaticPrefabStorageCell,,0
00405D37,PackInWorkshopDisplayGenericDisplayTall01PackinStorageCell,,0
00413027,zCUTRaRaPrototypes04,Quick Test Cell,0
0051AD3F,PackInMSiloOperationsConsoleCabCluster04StorageCell,,0
0059ABBB,,,0
0064543F,PackInXPDCodeBlueCodeChestpackinStorageCell,,0
00002375,PackInPACKToxicBasinGroupMed01StorageCell,,0
00006835,zCUTTestJaySpawnActor,Quick Test Cell,0
0008C089,COPY0275,,0
000A1399,PackInLvlFeralGhoulAmbushLayPackInStorageCell,,0
000A5E99,PackInLvlBloatflyDefaultPackInStorageCell,,0
000C4EB1,PackInLvlMirelurkHunterAggro800GroundPackInStorageCell,,0
00120211,PackInPACKCranBogShrubGroupSm05StorageCell,,0
0012D5C9,COPY0039,,0
0014662D,PackInTrapGunWallHorizShotgunPackinStorageCell,,0
001A7045,COPY0290,,0
00207A5D,76HoldingCellRegionSavageDivide,Quick Test Cell,0
00230331,,,0
002CA021,,,0
0032B4C5,,,0
003EA505,,,0
003F646D,zCUT76SandboxTest,Quick Test Cell,0
004852C1,,,0
0048683D,PackInStorageCellDUPLICATE006,,0
0051AD49,PackInMSiloOperationsConsoleRight04StorageCell,,0
00590369,zCUTClarksburgPharmacy01,Clarksburg Pharmacy,0
006CD0F1,DebugGreenScreen,DebugGreenScreen,0
000028F7,,,0
00021BCB,,,0
001466FF,PackInTrapGunWallVertAutoPackinStorageCell,,0
00181C37,,,0
001862EB,PackInTrapBowWallVertPackinStorageCell,,0
001C7773,COPY0342,,0
0020F05F,,,0
002BA437,,,0
003DE5A7,,,0
00423BCF,PackInLGTv94sublightwallSeedbankStorageCell,,0
0046281B,zCUTVault96Main,Vault 96,0
0051AD53,PackInMSiloOperationsConsoleCorner04StorageCell,,0
0051BD57,,,0
005275B7,,,0
0052ACCB,,,0
0056901B,COPY0006,,0
0057794F,,,0
005994C3,,,0
00002389,PackInPACKToxicBasinGroupMed03StorageCell,,0
00003261,zCUTWhitespringBunkerOld,Whitespring Bunker OLD,0
0000F809,zCUTDebugDaryl01,Quick Test Cell,0
0014F601,PackInLvlMoleratSandboxWithRespawnPackInStorageCell,,0
0015A1E1,PackInFloorTypesPackInStorageCell,,0
00195B01,COPY0209,,0
0019DB85,COPY0213,,0
001C777D,COPY0337,,0
001DFAFD,,,0
001E6D71,,,0
001F8A99,,,0
002112C9,,,0
002233D9,,,0
0022E33D,,,0
00275C29,,,0
0028FA9D,,,0
003B18E5,,,0
003D6659,,,0
00405EE5,PackInLGTv94sublightStorageCellDUPLICATE000,,0
00426735,zCUTW05DialogueTest,Quick Test Cell,0
0043363D,PackInWindChimeWithSupporAndBeacontPackInStorageCell,,0
0051AD5D,PackInMSiloOperationsConsoleSingleTall24StorageCell,,0
00528A11,,,0
005544E5,,,0
0008C0A8,COPY0270,,0
001228DC,PackInPACKMtnTopPineFallen01StorageCell,,0
0014056C,PackInTreeMapleForestsmall1CrowMarkerPackinStorageCell,,0
00141700,COPY0072,,0
00180A54,PackInREPackInCampStorageCell,,0
00181BE8,,,0
00181C4C,,,0
001A45D0,COPY0237,,0
001DFB08,,,0
001F8AA4,PackInGenericExteriorClutter13StorageCell,,0
002112D4,,,0
0021CA6C,,,0
00275C34,,,0
00324F54,,,0
003852C8,,,0
003C5EB8,PackInPlayerHouseRuinKitchenCounter01WhitePackInStorageCell,,0
003C943C,PackInworkshopWrhsStairsWithFoundation01RPACKINStorageCell,,0
004DE250,,,0
0050A300,PackInTESTDEBUGRSVPcontrolStorageCell,,0
0051AD68,PackInMSiloOperationsConsoleSingleTall13StorageCell,,0
0051B9E8,zCUTDebugTrevorS,Quick Test Cell,0
005B7168,PackInSheltersEntranceBoSBunkerLargeStorageCell,,0
0066923C,PackInWorkshopNukaCrateStallQuantumPackinStorageCell,,0
00014062,zCUTTestLiz,Quick Test Cell,0
0001819E,,,0
00116EF6,WarehouseQDTraining,QD Training Warehouse,0
001184D6,COPY0053DUPLICATE000,,0
0018F13A,PackInPOITrainStationPrefab01StorageCell,,0
001A45DA,COPY0232,,0
001B0B1E,COPY0308,,0
001B88E6,COPY0318,,0
001D8006,PackInworkshopPACKPerimeterWall02WallsShackStorageCell,,0
001F8AAE,,,0
002112DE,,,0
00211D6A,,,0
0021CA76,,,0
00275BDA,,,0
00275D06,,,0
003E6582,,,0
004333FA,PackInScorchedStatuePackin02StorageCell,,0
004862EE,PackInStorageCellDUPLICATE004DUPLICATE000,,0
0051AD72,PackInMSiloOperationsConsoleSingleTall03StorageCell,,0
0053D43A,zCUTTestLousMine,Quick Test Cell,0
006139EA,WarehouseExpeditionsExterior,Warehouse Expeditions Exterior,0
0000C308,,,0
00031D60,zCUTTestPhysics,Quick Test Cell,0
00090130,PackInPOITrainStationPrefabBlueBuilding01StorageCell,,0
0010E1FC,,,0
0015D6BC,,,0
00181C60,,,0
00191E94,PackInRelayTowerPackInStorageCell,,0
001A45E4,COPY0227,,0
001A66B4,zCUTWarehouseClutter,Quick Test Cell,0
001B0B28,COPY0303,,0
00586D38,PackInDenizenPackInSettlerBuilderStorageCell,,0
005A1CDC,zCUTDebugPaths,Animation Test Cell,0
005B36E4,zCUTSheltersUnusedGreenhouse,Greenhouse Shelter,0
006039B4,,,0
00013DBA,PackInForestPackBoulders01StorageCellDUPLICATE001,,0
00015656,zCUTTestRender01,Quick Test Cell,0
0001B47A,,,0
0007D27E,PackInLvlBloodbugAggro650CeilingTallPackInStorageCell,,0
001204A6,PackInPACKMtnTopPines04StorageCell,,0
001B0B32,COPY0297,,0
001E48E2,,,0
001F6B1E,,,0
00275BEE,,,0
0036DABA,zCUTSpruceKnobMissileSilo01OLD,Missile Silo Charlie,0
003A1B26,,,0
003BA356,,,0
003DCD3E,,,0
003E5402,PackInCritterBSandboxPackInStorageCell,,0
0042FDC2,PackInPACKMtnTopPines03DistantStorageCell,,0
004E8426,,,0
005262C6,,,0
0056BAE2,PackInLGTv96SScagelightEngineeringWarmStorageCell,,0
00586D42,PackInDenizenPackInScavengerDrunkStorageCell,,0
0067D2AA,PackInATXFurnitureInstrumentHomemadeXylophonePackInStorageCell,,0
0000E130,PackInPACKToxicTreeClusterSm04StorageCell,,0
00014210,PackInForestPackLog02aStorageCell,,0
00057128,PackInLvlMoleratAmbushLongStorageCell,,0
00069814,COPY0253,,0
0008F5F0,,,0
000A2E0C,PackInMetalBarrelRadioactivePCK01StorageCell,,0
00149360,PackInFireAlarmLightNSPackInStorageCell,,0
00175B7C,COPY0105,,0
00181C10,,,0
001D4780,PackInPACKMtnRemTreePines01DarkStorageCell,,0
00275BF8,,,0
003B9938,,,0
003E27E8,,,0
004521D8,PackInStorageCellDUPLICATE002,,0
004DF6C8,,,0
0050E6BC,WarehouseAmbushes,Quick Test Cell,0
0052C090,76HoldingCellMissionQuest,Quick Test Cell,0
00586D4C,PackInDenizenPackInRaiderBuilderStorageCell,,0
005B0624,zCUTProtoExpo01,Quick Test Cell,0
0062152C,DebugVeronicaH,Quick Test Cell,0
00004CCA,zCUTUnusedVault120AirlockCOPY0000,Vault 120,0
0001C3CA,PackInPACKFloodlandsRocks01StorageCell,,0
0004721E,zCUTTestCharGen03,Vault 76,0
0015D6DA,,,0
00164ADE,,,0
001F962A,,,0
0020B032,,,0
00275EBE,,,0
00321552,,,0
0032BC1E,PackIn76LoadElevatorHiTechPackIn03ButtonsStorageCell,,0
0032CEDE,zCUTTestMandi2,Mandi2 Test Cell,0
0033CAD2,PackInLGTWSRroomtmplatepackinoldStorageCell,,0
003CC862,,,0
0048A196,WarehouseFissureCell,Quick Test Cell,0
005ADC62,PackInSheltersTestEntranceSnapTestWallStorageCell,,0
00620A46,PackInATXFenceGateHedgeRedCedarDying256PKINStorageCellDUPLICATE000,,0
000028E4,,,0
0000D9D8,,,0
00018360,zCUTTestPowerSystem,Quick Test Cell,0
0001D11C,COPY0258,,0
0004BF80,zCUTTESTDanny,Quick Test Cell,0
00076730,WarehouseEncounterWave02,Quick Test Cell,0
000A5E90,PackInLvlStingwingDefaultPackInStorageCell,,0
0014D4B0,WarehouseCombat,Quick Test Cell,0
0015D6E4,,,0
001833F8,COPY0121,,0
001856BC,zCUTTestJasonWendigo,Test Combat,0
0019F4CC,COPY0223,,0
002BDB38,,,0
003F53FC,zCUT76AITestCellSheepsquatch,Quick Test Cell,0
00405D38,PackInWorkshopDisplayGenericDisplayShort01PackinStorageCell,,0
00413028,zCUTRaRaPrototypes03,Quick Test Cell,0
004E42A4,,,0
004E5500,,,0
0051AD40,PackInMSiloOperationsConsoleCabCluster03StorageCell,,0
0059ABBC,PackInATXWSTPKINCAMPDeployableRaiderStorageCell,,0
0000405E,,,0
0001A692,PackInPortaPottyPackinStorageCell,,0
000A139A,PackInLvlFeralGhoulAmbushCrawlPackInStorageCell,,0
000C4EB2,PackInLvlMirelurkHunterAggro512GroundPackInStorageCell,,0
0012D5CA,COPY0000,,0
00181C2E,,,0
0019F4D6,COPY0218,,0
00220036,,,0
002BA42E,,,0
0032676E,WarehouseSubStations,Quick Test Cell,0
0032B4C6,,,0
00382622,,,0
003C5346,,,0
003D08EA,,,0
003EA506,,,0
0051AD4A,PackInMSiloOperationsConsoleRight03StorageCell,,0
00570D76,zCUT76DebugNormGym,76 QA Smoke,0
005AD3DE,PackInATXCollectronpackinFasnachtStorageCell,,0
005DBDF6,PackInATXDisplayMannequinRackFemaleStorageCell,,0
00697592,PackInF1NukaColaTentPKINStorageCell,,0
000028F8,,,0
00002D44,,,0
00004D4C,zCUTUnusedVault12002COPY0000,Vault 120,0
00066E0C,zCUTTestEncountersTurrets,Quick Test Cell,0
00080320,zCUTTestRSears,Quick Test Cell,0
00181C38,,,0
0018278C,COPY0120,,0
001A45BC,COPY0247,,0
001DFAF4,,,0
00208DF0,zCUTGraftonDam01,Quick Test Cell,0
0020F060,,,0
002BA438,,,0
003533E0,,,0
00423BD0,,,0
004F9438,PackInworkshopPACKPerimeterWall02WallsShack01StairsNEWStorageCell,,0
0051AD54,PackInMSiloOperationsConsoleCorner03StorageCell,,0
0051BD58,,,0
00523D14,DebugCarlM02,Quick Test Cell,0
005275B8,,,0
0052ACCC,,,0
005565AC,PackInATXWorkshopPrewarPicketFenceGateStorageCell,,0
0056901C,COPY0007,,0
005994C4,PackInHumanDensityPassBloodEagleRoadblockPackInStorageCell,,0
0000257E,PackInPACKToxicBasinGroupSm01StorageCell,,0
00017A1E,zCUTTESTDanny2,Quick Test Cell,0
0010E5C6,zCUTTestConvertedMunitionsFactory01,Quick Test Cell,0
001228D2,PackInPACKMtnTopPineFallen02aStorageCell,,0
00122FDA,PackInPACKCranBogShrubGroupMed02StorageCell,,0
001277BA,PackInworkshopPACKTestGroupedinUngrouped01StorageCell,,0
0014F602,PackInLvlTickSandboxWithRespawnPackInStorageCell,,0
00181C42,,,0
001862F6,zCUTWarehouseLeveledPlaceableItems,Quick Test Cell,0
0018AE5A,PackInMultiBarredDoorSinglePackIn02StorageCell,,0
0018C17E,zCUTTestMaria,Quick Test Cell,0
001A45C6,COPY0242,,0
001DFAFE,,,0
001E6D72,,,0
001F8A9A,,,0
002112CA,,,0
0022E33E,,,0
0028FA9E,,,0
0033F462,,,0
0039F38A,,,0
003B18E6,,,0
003D665A,,,0
0043363E,PackInWindChimeWithBeaconPackInStorageCell,,0
004DE246,,,0
004E231E,DebugDobert,Quick Test Cell,0
0051AD5E,PackInMSiloOperationsConsoleSingleTall23StorageCell,,0
00528A12,,,0
005544E6,,,0
0056296A,,,0
0061D2F6,PackInYaoGuaiTubeStorageCell,,0
0061E03E,PackInATXCOMPPackinCampObjectMechanicStorageCell,,0
0008F759,,,0
00098971,zCUTWhitespringResort01,Whitespring Resort,0
00115971,,,0
001228DD,PackInPACKMtnTopPineStumps01StorageCell,,0
0017D855,COPY0287,,0
00181BE9,,,0
00192DBD,PackInBld03CornerBrickACom01Open01PackInStorageCell,,0
00195B0D,COPY0203,,0
0019FC61,,,0
001C7789,COPY0331,,0
001E59F5,,,0
001F8AA5,,,0
002112D5,,,0
0021CA6D,,,0
00275C35,,,0
00275E8D,,,0
002AF5B1,,,0
003C5EB9,,,0
003C943D,PackInworkshopWrhsStairsWithFoundation01LPACKINStorageCell,,0
004DE251,,,0
0051AD69,PackInMSiloOperationsConsoleSingleTall12StorageCell,,0
005867AD,PackInATXworkshopCollectorScavengepackinRaiderCOPY0000StorageCell,,0
005B7169,PackInSheltersEntranceRootCellarLargeStorageCell,,0
0066923D,,,0
0000D5BF,PackInTESTTreePackInStorageCell,,0
00116EF7,76QASmoke,76 QA Smoke,0
00192DC7,PackInBld02CornerBrickACom01PackInStorageCell,,0
001A2443,76QuestSmoke,76 Quest Smoke Test,0
001C7793,COPY0326,,0
001F8AAF,,,0
002112DF,,,0
00211D6B,,,0
0021CA77,,,0
0034629F,WarehouseTestDefaultBehavior,Actor Ambush Testing,0
003E6583,,,0
0041CB6F,zCUTW05MQS205PTest,Quick Test Cell,0
004333FB,PackInScorchedStatuePackin03StorageCell,,0
004E99F3,,,0
004F52B7,PackInWorkshopFloraBlackberry02packinStorageCell,,0
0051AD73,PackInMSiloOperationsConsoleSingleTall02StorageCell,,0
005DCA3B,PackInSCORES2DisplayPowerArmorRackArmorAceStorageCell,,0
005FDDDF,PackInDailyOpsMode02PackInStorageCell,,0
006139EB,WarehouseExpeditionsDungeon,Warehouse Expeditions Dungeon,0
0067F173,PackInNWOTWorkshopOuthousePackinStorageCell,,0
000043B1,PackInPACKToxicShrubGroupMed06StorageCell,,0
0000C309,,,0
000141FD,,,0
0007C659,WarehouseVaultKit,Quick Test Cell,0
000815A5,zCUTWarehouseBathrooms,Quick Test Cell,0
0008C8F1,zCUTMPScriptTest,Quick Test Cell,0
0009BABD,,,0
000E8D81,COPY0040,,0
00115985,PackInPACKCranBogShrubGroupSm02StorageCell,,0
0012BAA5,COPY0059DUPLICATE000,,0
0017B541,COPY0106,,0
00181C61,,,0
001B1939,COPY0314,,0
001C779D,COPY0321,,0
00275BE5,,,0
003E08F9,DebugDavidM,Quick Test Cell,0
00456F1D,zCUTVault94Main,Vault 94,0
0052FEFD,PackInKlaxonLightNSPackInNoSoundStorageCell,,0
00536D25,PackInATXworkshopCollectorScavengepackinGoldStorageCell,,0
00544975,DebugSteveM02,Quick Test Cell,0
0054E80D,zCUTSecretResearchLaboratory01,Vulcan Research Laboratory,0
005B1E49,,,0
006039B5,,,0
0000EC7B,zCUTDebugJasonBobblehead,Test Combat,0
0001B47B,PackInPACKSwampStump01StorageCell,,0
0007D27F,PackInLvlBloodbugAggro650GroundPackInStorageCell,,0
00165F1B,,,0
00170F47,COPY0096,,0
0018F0EB,PackInPOITrainStationPrefab03StorageCell,,0
001E48E3,,,0
00292493,zCUTTestDrewSpells,Encounter Test Cell,0
0039C59B,,,0
003A1B27,,,0
003BA357,,,0
003DCD3F,,,0
003E5403,PackInCritterASandboxPackInStorageCell,,0
0042FDC3,PackInPACKMtnTopPines05DistantStorageCell,,0
005262C7,,,0
0054A933,zCUTDebugEventScoring,Quick Test Cell,0
0056BAE3,PackInLGTv96sublightterminalEngineeringWarmStorageCell,,0
00586D43,PackInDenizenPackInRaiderLooterStorageCell,,0
00006F85,PackInPACKMtnTopBoulders01StorageCellDUPLICATE000,,0
00057129,PackInLvlMoleratAmbushShortStorageCell,,0
000AECAD,COPY0283,,0
000E2805,zCUT76AITestCellMoleMiner,Quick Test Cell,0
00120259,,,0
00149361,PackInFireAlarmLightPackInStorageCell,,0
00170F51,COPY0091,,0
0017EA75,,,0
00181C11,,,0
001D4781,PackInPACKMtnRemShrubGroupSm03DarkStorageCell,,0
001D5E8D,,,0
0038A8E1,PackInWorkshopKeypadPowerPylonSwitch01packinStorageCell,,0
003B9939,,,0
003BD4FD,,,0
003E27E9,,,0
004521D9,PackInStorageCellDUPLICATE001,,0
005211F5,zCUTMissileSiloOLD,Quick Test Cell,0
005C8EB9,DebugBrianna,Quick Test Cell,0
0000EC8F,zCUTTestDaryl01,Test Daryl 01,0
00062547,76HoldingCellWorkshop,Quick Test Cell,0
000AB733,PackInIndCat1WayExtendablePairPackInStorageCell,,0
000B40B3,PackInEncSentryBotAmbushPackInStorageCell,,0
0012D5B7,76HoldingCellESSTemp,Quick Test Cell,0
0015D6DB,,,0
0018B0EF,PackInBarredDoorSinglePackIn02StorageCellDUPLICATE000,,0
0019FCF7,COPY0217DUPLICATE000,,0
001F962B,PackInGenericExteriorClutter29StorageCell,,0
00275EBF,,,0
00321553,,,0
0032BC1F,PackIn76LoadElevatorHiTechPackIn02ButtonsStorageCell,,0
00345D4F,76HoldingCellMoM,Mistress of Mystery Holding Cell,0
003A89C7,,,0
003CC863,,,0
0048CC2B,,,0
0052BB87,,,0
0057754B,,,0
005ADC63,PackInSheltersTestEntranceSnapTestFoundationStorageCell,,0
000074AD,PackInRelayTowerLootCachePackInStorageCell,,0
0000D9D9,PackInTestShackPackStorageCell,,0
00019BFD,,,0
00055EE1,PackInPregnantRoachCritterStorageCell,,0
00061F75,,,0
0008C081,COPY0277,,0
000A5E91,PackInLvlRobotDefaultPackInStorageCell,,0
000EB775,WarehouseTraps,Warehouse Traps,0
000FACC5,COPY0049,,0
00146625,COPY0076,,0
0015D6E5,,,0
001A70A1,PackInLvlMirelurkAmbushHiddenPackInStorageCell,,0
0022002D,,,0
003EA4FD,,,0
0040A89D,zCUTMireBunker01,New Hagerstown Greenhouse,0
00413029,zCUTRaRaPrototypes02,Quick Test Cell,0
00450505,PackInStorageCell,,0
004E42A5,,,0
0051AD41,PackInMSiloOperationsConsoleCabCluster02StorageCell,,0
00621735,PackInCaveCricketTubePackInStorageCell,,0
0062BC0D,WarehouseExpeditionsBeautifulCorner,Pitt Exterior Beautiful Corner,0
000028EF,,,0
0000405F,,,0
0001804B,,,0
000C4EB3,PackInLvlMirelurkHunterAmbushGroundPackInStorageCell,,0
0012D5CB,PackInPACKMtnRemovalBoulders03StorageCell,,0
001410A3,COPY0069,,0
0014662F,PackInTrapGunWallHorizRiflePackinStorageCell,,0
001466F7,PackInTrapGunWallVertPistolPackinStorageCellDUPLICATE001,,0
00181C2F,,,0
001A7047,COPY0292,,0
001F81EF,,,0
00203B17,,,0
00220037,,,0
0028D187,DebugSteveM,Quick Test Cell,0
002BA42F,,,0
0032B4C7,,,0
0038C583,76HoldingCellRegionMire,Quick Test Cell,0
003C5347,,,0
003DE59F,,,0
00403827,zCUTDebugCrackpotsHouse01,Quick Test Cell,0
0051AD4B,PackInMSiloOperationsConsoleRight02StorageCell,,0
005DBDF7,PackInATXDisplayMannequinRackFemaleBlueStorageCell,,0
005FEAFF,PackInWorkshopFloraPumpkin03packinStorageCell,,0
00608AC3,PackInATXFenceGateRedCedar128PKINStorageCell,,0
006218CF,PackInSCORES5COMPPackinCampObjectSuperMutantStorageCell,,0
0063220B,PackInFlatwoodsMonsterTubePackInStorageCell,,0
000028F9,PackInPACKToxicClutterTrashLg01StorageCell,,0
00004D4D,zCUTUnusedVault120COPY0000,Vault 120,0
0000B4D1,zCUTDebugSlabTestCell,Quick Test Cell,0
0000E415,,,0
00013299,,,0
000186F9,PackInPACKToxicCreeperMed02StorageCell,,0
0003D981,PackInLvlBloodbugAmbushWallPackInStorageCell,,0
00121929,zCUTVault63,Vault 63,0
001C7775,COPY0341,,0
0020F061,,,0
00249E2D,zCUTTestPurkey01,Quick Test Cell,0
00256FF1,,,0
002BA439,,,0
0030C711,,,0
003C2985,zCUT76TrailerInterior,Quick Test Cell,0
003C6D7D,,,0
00423BD1,,,0
0051857D,,,0
0051AD55,PackInMSiloOperationsConsoleCorner02StorageCell,,0
0051BD59,,,0
005275B9,,,0
0052ACCD,,,0
00530259,zCUTTestAlyssa,Quick Test Cell,0
0056901D,PackInLGTv96SScagelightResearchCoolStorageCell,,0
005994C5,PackInHumanDensityPassCultistShrinePackInStorageCell,,0
005D87B5,PackInFoosballTablePackInStorageCell,,0
00633E99,76CellTemplateCopy01JOE,Quick Test Cell,0
0000238B,PackInPACKToxicBasinSm02StorageCell,,0
0006B6BF,zCUTTestPurkey02,Quick Test Cell,0
001228D3,PackInPACKMtnTopPines02StorageCell,,0
00122FDB,PackInPACKCranBogShrubGroupMed01StorageCell,,0
0014F603,PackInLvlRadRoachSandboxWithRespawnPackInStorageCell,,0
00167D07,COPY0087,,0
00195B03,COPY0208,,0
0019DB87,COPY0074,,0
001B4BE3,COPY0317,,0
001C777F,COPY0336,,0
001DFAFF,,,0
001E6D73,,,0
001F8A9B,,,0
002112CB,,,0
002141AB,,,0
0022E33F,,,0
00275C2B,,,0
002EE3E7,,,0
003D665B,,,0
003DCABF,,,0
004DE247,,,0
0051AD5F,PackInMSiloOperationsConsoleSingleTall22StorageCell,,0
00528A13,,,0
005544E7,PackInLGTv96SScagelightWarmStorageCell,,0
005A5883,zCUTSheltersUnusedBoSBunker,Bunker Shelter,0
006EABA3,PackInF1EnclaveMobileRelayTentPKINStorageCell,,0
